ticker,name,market,currency,sector,sub_industry,headquarters,index_membership,snapshot_date,ticker_yahoo,currency_fixed
1COV,Covestro,EU,EUR,Chemicals,,Germany,STOXX600,2026-05-22,1COV.DE,EUR
8TRA,Traton,EU,EUR,Industrial Goods and Services,,Germany,STOXX600,2026-05-22,8TRA.DE,EUR
A,Agilent Technologies,US,USD,Health Care,Life Sciences Tools & Services,"Santa Clara, California",SP500,2026-05-22,A,USD
AAL,Anglo American plc,EU,EUR,Basic Resources,,United Kingdom,STOXX600,2026-05-22,AAL.L,GBP
AAPL,Apple Inc.,US,USD,Information Technology,"Technology Hardware, Storage & Peripherals","Cupertino, California",SP500,2026-05-22,AAPL,USD
ABBN,ABB Ltd,EU,EUR,Industrial Goods and Services,,Switzerland,STOXX600,2026-05-22,ABBN.SW,CHF
ABBV,AbbVie,US,USD,Health Care,Biotechnology,"North Chicago, Illinois",SP500,2026-05-22,ABBV,USD
ABF,Associated British Foods,EU,EUR,"Food, Beverage and Tobacco",,United Kingdom,STOXX600,2026-05-22,ABF.L,GBP
ABI,Anheuser-Busch InBev,EU,EUR,"Food, Beverage and Tobacco",,Belgium,STOXX600,2026-05-22,ABI.BR,EUR
ABN,ABN AMRO,EU,EUR,Banks,,Netherlands,STOXX600,2026-05-22,ABN.AS,EUR
ABNB,Airbnb,US,USD,Consumer Discretionary,"Hotels, Resorts & Cruise Lines","San Francisco, California",SP500,2026-05-22,ABNB,USD
ABT,Abbott Laboratories,US,USD,Health Care,Health Care Equipment,"North Chicago, Illinois",SP500,2026-05-22,ABT,USD
AC,Accor,EU,EUR,Travel and Leisure,,France,STOXX600,2026-05-22,AC.PA,EUR
ACGL,Arch Capital Group,US,USD,Financials,Property & Casualty Insurance,"Hamilton, Bermuda",SP500,2026-05-22,ACGL,USD
ACN,Accenture,US,USD,Information Technology,IT Consulting & Other Services,"Dublin, Ireland",SP500,2026-05-22,ACN,USD
ACS,ACS Group,EU,EUR,Construction and Materials,,Spain,STOXX600,2026-05-22,ACS.MC,EUR
ACX,Acerinox,EU,EUR,Basic Resources,,Spain,STOXX600,2026-05-22,ACX.MC,EUR
ADBE,Adobe Inc.,US,USD,Information Technology,Application Software,"San Jose, California",SP500,2026-05-22,ADBE,USD
ADEN,Adecco,EU,EUR,Industrial Goods and Services,,Switzerland,STOXX600,2026-05-22,ADEN.SW,CHF
ADH,Adevinta,EU,EUR,Consumer Products and Services,,Norway,STOXX600,2026-05-22,ADH.OL,NOK
ADI,Analog Devices,US,USD,Information Technology,Semiconductors,"Wilmington, Massachusetts",SP500,2026-05-22,ADI,USD
ADM,Archer Daniels Midland,US,USD,Consumer Staples,Agricultural Products & Services,"Chicago, Illinois",SP500,2026-05-22,ADM,USD
ADP,Automatic Data Processing,US,USD,Industrials,Human Resource & Employment Services,"Roseland, New Jersey",SP500,2026-05-22,ADP,USD
ADS,Adidas,EU,EUR,Consumer Products and Services,,Germany,STOXX600,2026-05-22,ADS.DE,EUR
ADSK,Autodesk,US,USD,Information Technology,Application Software,"San Francisco, California",SP500,2026-05-22,ADSK,USD
ADYEN,Adyen,EU,EUR,Industrial Goods and Services,,Netherlands,STOXX600,2026-05-22,ADYEN.AS,EUR
AEE,Ameren,US,USD,Utilities,Multi-Utilities,"St. Louis, Missouri",SP500,2026-05-22,AEE,USD
AENA,Aena,EU,EUR,Travel and Leisure,,Spain,STOXX600,2026-05-22,AENA.MC,EUR
AEP,American Electric Power,US,USD,Utilities,Electric Utilities,"Columbus, Ohio",SP500,2026-05-22,AEP,USD
AES,AES Corporation,US,USD,Utilities,Independent Power Producers & Energy Traders,"Arlington, Virginia",SP500,2026-05-22,AES,USD
AF,Air France-KLM,EU,EUR,Travel and Leisure,,France,STOXX600,2026-05-22,AF.PA,EUR
AFL,Aflac,US,USD,Financials,Life & Health Insurance,"Columbus, Georgia",SP500,2026-05-22,AFL,USD
AFX,Carl Zeiss Meditec,EU,EUR,Health Care,,Germany,STOXX600,2026-05-22,AFX.DE,EUR
AGS,Ageas,EU,EUR,Insurance,,Belgium,STOXX600,2026-05-22,AGS.BR,EUR
AHT,Ashtead Group,EU,EUR,Industrial Goods and Services,,United Kingdom,STOXX600,2026-05-22,AHT.L,GBP
AIG,American International Group,US,USD,Financials,Multi-line Insurance,"New York City, New York",SP500,2026-05-22,AIG,USD
AIR,Airbus,EU,EUR,Industrial Goods and Services,,France,STOXX600,2026-05-22,AIR.PA,EUR
AIRP,Air Liquide,EU,EUR,Chemicals,,France,STOXX600,2026-05-22,AI.PA,EUR
AIXA,AIXTRON,EU,EUR,Technology,,Germany,STOXX600,2026-05-22,AIXA.DE,EUR
AIZ,Assurant,US,USD,Financials,Multi-line Insurance,"Atlanta, Georgia",SP500,2026-05-22,AIZ,USD
AJG,Arthur J. Gallagher & Co.,US,USD,Financials,Insurance Brokers,"Rolling Meadows, Illinois",SP500,2026-05-22,AJG,USD
AKAM,Akamai Technologies,US,USD,Information Technology,Internet Services & Infrastructure,"Cambridge, Massachusetts",SP500,2026-05-22,AKAM,USD
AKE,Arkema,EU,EUR,Chemicals,,France,STOXX600,2026-05-22,AKE.PA,EUR
AKERBP,Aker BP,EU,EUR,Energy,,Norway,STOXX600,2026-05-22,AKRBP.OL,NOK
AKZA,AkzoNobel,EU,EUR,Chemicals,,Netherlands,STOXX600,2026-05-22,AKZA.AS,EUR
ALB,Albemarle Corporation,US,USD,Materials,Specialty Chemicals,"Charlotte, North Carolina",SP500,2026-05-22,ALB,USD
ALC,Alcon,EU,EUR,Health Care,,Switzerland,STOXX600,2026-05-22,ALC.SW,CHF
ALFA,Alfa Laval,EU,EUR,Industrial Goods and Services,,Sweden,STOXX600,2026-05-22,ALFA.ST,SEK
ALGN,Align Technology,US,USD,Health Care,Health Care Supplies,"Tempe, Arizona",SP500,2026-05-22,ALGN,USD
ALL,Allstate,US,USD,Financials,Property & Casualty Insurance,"Northbrook, Illinois",SP500,2026-05-22,ALL,USD
ALLE,Allegion,US,USD,Industrials,Building Products,"Dublin, Ireland",SP500,2026-05-22,ALLE,USD
ALLFG,Allfunds Group,EU,EUR,Financial Services,,Spain,STOXX600,2026-05-22,ALLFG.AS,EUR
ALO,Alstom,EU,EUR,Industrial Goods and Services,,France,STOXX600,2026-05-22,ALO.PA,EUR
ALV,Allianz,EU,EUR,Insurance,,Germany,STOXX600,2026-05-22,ALV.DE,EUR
AMAT,Applied Materials,US,USD,Information Technology,Semiconductor Materials & Equipment,"Santa Clara, California",SP500,2026-05-22,AMAT,USD
AMBU B,Ambu,EU,EUR,Health Care,,Denmark,STOXX600,2026-05-22,AMBU-B.CO,DKK
AMCR,Amcor,US,USD,Materials,Paper & Plastic Packaging Products & Materials,"Warmley, Bristol, United Kingdom",SP500,2026-05-22,AMCR,USD
AMD,Advanced Micro Devices,US,USD,Information Technology,Semiconductors,"Santa Clara, California",SP500,2026-05-22,AMD,USD
AME,Ametek,US,USD,Industrials,Electrical Components & Equipment,"Berwyn, Pennsylvania",SP500,2026-05-22,AME,USD
AMGN,Amgen,US,USD,Health Care,Biotechnology,"Thousand Oaks, California",SP500,2026-05-22,AMGN,USD
AML,Aston Martin,EU,EUR,Automobiles and Parts,,United Kingdom,STOXX600,2026-05-22,AML.L,GBP
AMP,Ameriprise Financial,US,USD,Financials,Asset Management & Custody Banks,"Minneapolis, Minnesota",SP500,2026-05-22,AMP,USD
AMS,ams OSRAM,EU,EUR,Technology,,Austria,STOXX600,2026-05-22,AMS.VI,EUR
AMT,American Tower,US,USD,Real Estate,Telecom Tower REITs,"Boston, Massachusetts",SP500,2026-05-22,AMT,USD
AMZN,Amazon,US,USD,Consumer Discretionary,Broadline Retail,"Seattle, Washington",SP500,2026-05-22,AMZN,USD
ANA,Acciona,EU,EUR,Construction and Materials,,Spain,STOXX600,2026-05-22,ANA.MC,EUR
ANE,Acciona Energía,EU,EUR,Utilities,,Spain,STOXX600,2026-05-22,ANE.MC,EUR
ANET,Arista Networks,US,USD,Information Technology,Communications Equipment,"Santa Clara, California",SP500,2026-05-22,ANET,USD
ANTO,Antofagasta plc,EU,EUR,Basic Resources,,United Kingdom,STOXX600,2026-05-22,ANTO.L,GBP
AON,Aon plc,US,USD,Financials,Insurance Brokers,"London, United Kingdom",SP500,2026-05-22,AON,USD
AOS,A. O. Smith,US,USD,Industrials,Building Products,"Milwaukee, Wisconsin",SP500,2026-05-22,AOS,USD
APA,APA Corporation,US,USD,Energy,Oil & Gas Exploration & Production,"Houston, Texas",SP500,2026-05-22,APA,USD
APD,Air Products,US,USD,Materials,Industrial Gases,"Upper Macungie Township, Pennsylvania",SP500,2026-05-22,APD,USD
APH,Amphenol,US,USD,Information Technology,Electronic Components,"Wallingford, Connecticut",SP500,2026-05-22,APH,USD
APO,Apollo Global Management,US,USD,Financials,Asset Management & Custody Banks,"New York City, New York",SP500,2026-05-22,APO,USD
APP,AppLovin,US,USD,Information Technology,Application Software,"Palo Alto, California",SP500,2026-05-22,APP,USD
APTV,Aptiv,US,USD,Consumer Discretionary,Automotive Parts & Equipment,"Schaffhausen, Switzerland",SP500,2026-05-22,APTV,USD
ARE,Alexandria Real Estate Equities,US,USD,Real Estate,Office REITs,"Pasadena, California",SP500,2026-05-22,ARE,USD
ARES,Ares Management,US,USD,Financials,Asset Management & Custody Banks,"Los Angeles, California",SP500,2026-05-22,ARES,USD
ARGX,Argenx,EU,EUR,Health Care,,Netherlands,STOXX600,2026-05-22,ARGX.AS,EUR
ARND,Aroundtown,EU,EUR,Real Estate,,Germany,STOXX600,2026-05-22,ARND.AS,EUR
ASMI,ASM International,EU,EUR,Technology,,Netherlands,STOXX600,2026-05-22,ASM.AS,EUR
ASML,ASML Holding,EU,EUR,Technology,,Netherlands,STOXX600,2026-05-22,ASML.AS,EUR
ASSA B,Assa Abloy,EU,EUR,Construction and Materials,,Sweden,STOXX600,2026-05-22,ASSA-B.ST,SEK
ATCOa,Atlas Copco,EU,EUR,Industrial Goods and Services,,Sweden,STOXX600,2026-05-22,ATCO-A.ST,SEK
ATO,Atmos Energy,US,USD,Utilities,Gas Utilities,"Dallas, Texas",SP500,2026-05-22,ATO,USD
ATOS,Atos,EU,EUR,Technology,,France,STOXX600,2026-05-22,ATOS.PA,EUR
AUTO,Auto Trader Group,EU,EUR,Media,,United Kingdom,STOXX600,2026-05-22,AUTO.L,GBP
AV,Aviva,EU,EUR,Insurance,,United Kingdom,STOXX600,2026-05-22,AV.L,GBP
AVB,AvalonBay Communities,US,USD,Real Estate,Multi-Family Residential REITs,"Arlington, Virginia",SP500,2026-05-22,AVB,USD
AVGO,Broadcom,US,USD,Information Technology,Semiconductors,"Palo Alto, California",SP500,2026-05-22,AVGO,USD
AVY,Avery Dennison,US,USD,Materials,Paper & Plastic Packaging Products & Materials,"Mentor, Ohio",SP500,2026-05-22,AVY,USD
AWK,American Water Works,US,USD,Utilities,Water Utilities,"Camden, New Jersey",SP500,2026-05-22,AWK,USD
AXON,Axon Enterprise,US,USD,Industrials,Aerospace & Defense,"Scottsdale, Arizona",SP500,2026-05-22,AXON,USD
AXP,American Express,US,USD,Financials,Consumer Finance,"New York City, New York",SP500,2026-05-22,AXP,USD
AZE,Azelis Group,EU,EUR,Industrial Goods and Services,,Belgium,STOXX600,2026-05-22,AZE.DE,EUR
AZN,AstraZeneca,EU,EUR,Health Care,,United Kingdom,STOXX600,2026-05-22,AZN.L,GBP
AZO,AutoZone,US,USD,Consumer Discretionary,Automotive Retail,"Memphis, Tennessee",SP500,2026-05-22,AZO,USD
BA,Boeing,US,USD,Industrials,Aerospace & Defense,"Arlington, Virginia",SP500,2026-05-22,BA,USD
BA.,BAE Systems,EU,EUR,Industrial Goods and Services,,United Kingdom,STOXX600,2026-05-22,BA.L,GBP
BAC,Bank of America,US,USD,Financials,Diversified Banks,"Charlotte, North Carolina",SP500,2026-05-22,BAC,USD
BAER,Julius Baer,EU,EUR,Financial Services,,Switzerland,STOXX600,2026-05-22,BAER.SW,CHF
BALD B,Balder,EU,EUR,Real Estate,,Sweden,STOXX600,2026-05-22,BALD-B.ST,SEK
BALL,Ball Corporation,US,USD,Materials,"Metal, Glass & Plastic Containers","Broomfield, Colorado",SP500,2026-05-22,BALL,USD
BALN,Baloise,EU,EUR,Insurance,,Switzerland,STOXX600,2026-05-22,BALN.SW,CHF
BARC,Barclays,EU,EUR,Banks,,United Kingdom,STOXX600,2026-05-22,BARC.L,GBP
BARN,Barry Callebaut,EU,EUR,"Food, Beverage and Tobacco",,Switzerland,STOXX600,2026-05-22,BARN.SW,CHF
BAS,BASF,EU,EUR,Chemicals,,Germany,STOXX600,2026-05-22,BAS.DE,EUR
BATS,British American Tobacco,EU,EUR,"Food, Beverage and Tobacco",,United Kingdom,STOXX600,2026-05-22,BATS.L,GBP
BAX,Baxter International,US,USD,Health Care,Health Care Equipment,"Deerfield, Illinois",SP500,2026-05-22,BAX,USD
BAYN,Bayer,EU,EUR,Health Care,,Germany,STOXX600,2026-05-22,BAYN.DE,EUR
BBVA,Banco Bilbao Vizcaya Argentaria,EU,EUR,Banks,,Spain,STOXX600,2026-05-22,BBVA.MC,EUR
BBY,Best Buy,US,USD,Consumer Discretionary,Computer & Electronics Retail,"Richfield, Minnesota",SP500,2026-05-22,BBY,USD
BDEV,Barratt Developments,EU,EUR,Consumer Products and Services,,United Kingdom,STOXX600,2026-05-22,BDEV.L,GBP
BDX,Becton Dickinson,US,USD,Health Care,Health Care Equipment,"Franklin Lakes, New Jersey",SP500,2026-05-22,BDX,USD
BEB,Belimo,EU,EUR,Construction and Materials,,Switzerland,STOXX600,2026-05-22,BEB.DE,EUR
BEI,Beiersdorf,EU,EUR,Consumer Products and Services,,Germany,STOXX600,2026-05-22,BEI.DE,EUR
BEN,Franklin Resources,US,USD,Financials,Asset Management & Custody Banks,"San Mateo, California",SP500,2026-05-22,BEN,USD
BEZ,Beazley,EU,EUR,Insurance,,United Kingdom,STOXX600,2026-05-22,BEZ.L,GBP
BF-B,Brown–Forman,US,USD,Consumer Staples,Distillers & Vintners,"Louisville, Kentucky",SP500,2026-05-22,BF-B,USD
BG,Bunge Global,US,USD,Consumer Staples,Agricultural Products & Services,"Chesterfield, Missouri",SP500,2026-05-22,BG,USD
BIIB,Biogen,US,USD,Health Care,Biotechnology,"Cambridge, Massachusetts",SP500,2026-05-22,BIIB,USD
BKG,Berkeley Group Holdings,EU,EUR,Consumer Products and Services,,United Kingdom,STOXX600,2026-05-22,BKG.L,GBP
BKNG,Booking Holdings,US,USD,Consumer Discretionary,"Hotels, Resorts & Cruise Lines","Norwalk, Connecticut",SP500,2026-05-22,BKNG,USD
BKR,Baker Hughes,US,USD,Energy,Oil & Gas Equipment & Services,"Houston, Texas",SP500,2026-05-22,BKR,USD
BKT,Bankinter,EU,EUR,Banks,,Spain,STOXX600,2026-05-22,BKT.MC,EUR
BLDR,Builders FirstSource,US,USD,Industrials,Building Products,"Irving, Texas",SP500,2026-05-22,BLDR,USD
BLK,BlackRock,US,USD,Financials,Asset Management & Custody Banks,"New York City, New York",SP500,2026-05-22,BLK,USD
BME,B&M European Value Retail,EU,EUR,Retail,,United Kingdom,STOXX600,2026-05-22,BME.L,GBP
BMW,BMW,EU,EUR,Automobiles and Parts,,Germany,STOXX600,2026-05-22,BMW.DE,EUR
BMY,Bristol Myers Squibb,US,USD,Health Care,Pharmaceuticals,"New York City, New York",SP500,2026-05-22,BMY,USD
BNPP,BNP Paribas,EU,EUR,Banks,,France,STOXX600,2026-05-22,BNPP.PA,EUR
BNR,Brenntag,EU,EUR,Chemicals,,Germany,STOXX600,2026-05-22,BNR.DE,EUR
BNY,BNY Mellon,US,USD,Financials,Asset Management & Custody Banks,"New York City, New York",SP500,2026-05-22,BNY,USD
BNZL,Bunzl,EU,EUR,Industrial Goods and Services,,United Kingdom,STOXX600,2026-05-22,BNZL.L,GBP
BOL,Boliden AB,EU,EUR,Basic Resources,,Sweden,STOXX600,2026-05-22,BOL.ST,SEK
BOSS,Hugo Boss,EU,EUR,Consumer Products and Services,,Germany,STOXX600,2026-05-22,BOSS.DE,EUR
BOUY,Bouygues,EU,EUR,Construction and Materials,,France,STOXX600,2026-05-22,BOUY.PA,EUR
BP,BP,EU,EUR,Energy,,United Kingdom,STOXX600,2026-05-22,BP.L,GBP
BPOST,Bpost,EU,EUR,Industrial Goods and Services,,Belgium,STOXX600,2026-05-22,BPOST.BR,EUR
BR,Broadridge Financial Solutions,US,USD,Industrials,Data Processing & Outsourced Services,"Lake Success, New York",SP500,2026-05-22,BR,USD
BRBY,Burberry,EU,EUR,Consumer Products and Services,,United Kingdom,STOXX600,2026-05-22,BRBY.L,GBP
BRK-B,Berkshire Hathaway,US,USD,Financials,Multi-Sector Holdings,"Omaha, Nebraska",SP500,2026-05-22,BRK-B,USD
BRNW,Brunello Cucinelli,EU,EUR,Consumer Products and Services,,Italy,STOXX600,2026-05-22,BRNW.MI,EUR
BRO,Brown & Brown,US,USD,Financials,Insurance Brokers,"Daytona Beach, Florida",SP500,2026-05-22,BRO,USD
BSX,Boston Scientific,US,USD,Health Care,Health Care Equipment,"Marlborough, Massachusetts",SP500,2026-05-22,BSX,USD
BT.A,BT Group,EU,EUR,Telecommunications,,United Kingdom,STOXX600,2026-05-22,BT.A,EUR
BVI,Bureau Veritas,EU,EUR,Industrial Goods and Services,,France,STOXX600,2026-05-22,BVI.PA,EUR
BX,Blackstone Inc.,US,USD,Financials,Asset Management & Custody Banks,"New York City, New York",SP500,2026-05-22,BX,USD
BXP,"BXP, Inc.",US,USD,Real Estate,Office REITs,"Boston, Massachusetts",SP500,2026-05-22,BXP,USD
BYG,Big Yellow Group,EU,EUR,Real Estate,,United Kingdom,STOXX600,2026-05-22,BYG.L,GBP
C,Citigroup,US,USD,Financials,Diversified Banks,"New York City, New York",SP500,2026-05-22,C,USD
CABK,CaixaBank,EU,EUR,Banks,,Spain,STOXX600,2026-05-22,CABK.MC,EUR
CAG,Conagra Brands,US,USD,Consumer Staples,Packaged Foods & Meats,"Chicago, Illinois",SP500,2026-05-22,CAG,USD
CAGR,Crédit Agricole,EU,EUR,Banks,,France,STOXX600,2026-05-22,CAGR.PA,EUR
CAH,Cardinal Health,US,USD,Health Care,Health Care Distributors,"Dublin, Ohio",SP500,2026-05-22,CAH,USD
CAPP,Capgemini,EU,EUR,Technology,,France,STOXX600,2026-05-22,CAPP.PA,EUR
CARR,Carrier Global,US,USD,Industrials,Building Products,"Palm Beach Gardens, Florida",SP500,2026-05-22,CARR,USD
CASP,Castellum,EU,EUR,Real Estate,,Sweden,STOXX600,2026-05-22,CASP.ST,SEK
CAST,Castellum,EU,EUR,Real Estate,,Sweden,STOXX600,2026-05-22,CAST.ST,SEK
CASY,Casey's,US,USD,Consumer Staples,Food Retail,"Ankeny, Iowa",SP500,2026-05-22,CASY,USD
CAT,Caterpillar Inc.,US,USD,Industrials,Construction Machinery & Heavy Transportation Equipment,"Irving, Texas",SP500,2026-05-22,CAT,USD
CB,Chubb Limited,US,USD,Financials,Property & Casualty Insurance,"Zurich, Switzerland",SP500,2026-05-22,CB,USD
CBK,Commerzbank,EU,EUR,Banks,,Germany,STOXX600,2026-05-22,CBK.DE,EUR
CBOE,Cboe Global Markets,US,USD,Financials,Financial Exchanges & Data,"Chicago, Illinois",SP500,2026-05-22,CBOE,USD
CBRE,CBRE Group,US,USD,Real Estate,Real Estate Services,"Dallas, Texas",SP500,2026-05-22,CBRE,USD
CCH,Coca-Cola HBC,EU,EUR,"Food, Beverage and Tobacco",,Switzerland,STOXX600,2026-05-22,CCH.SW,CHF
CCI,Crown Castle,US,USD,Real Estate,Telecom Tower REITs,"Houston, Texas",SP500,2026-05-22,CCI,USD
CCL,Carnival Corporation,US,USD,Consumer Discretionary,"Hotels, Resorts & Cruise Lines","Miami, Florida",SP500,2026-05-22,CCL,USD
CDNS,Cadence Design Systems,US,USD,Information Technology,Application Software,"San Jose, California",SP500,2026-05-22,CDNS,USD
CDR,CD Projekt,EU,EUR,Consumer Products and Services,,Poland,STOXX600,2026-05-22,CDR.WA,PLN
CDW,CDW Corporation,US,USD,Information Technology,Technology Distributors,"Vernon Hills, Illinois",SP500,2026-05-22,CDW,USD
CEG,Constellation Energy,US,USD,Utilities,Electric Utilities,"Baltimore, Maryland",SP500,2026-05-22,CEG,USD
CF,CF Industries,US,USD,Materials,Fertilizers & Agricultural Chemicals,"Deerfield, Illinois",SP500,2026-05-22,CF,USD
CFG,Citizens Financial Group,US,USD,Financials,Regional Banks,"Providence, Rhode Island",SP500,2026-05-22,CFG,USD
CFR,Richemont,EU,EUR,Consumer Products and Services,,Switzerland,STOXX600,2026-05-22,CFR.SW,CHF
CHD,Church & Dwight,US,USD,Consumer Staples,Household Products,"Ewing, New Jersey",SP500,2026-05-22,CHD,USD
CHRW,C.H. Robinson,US,USD,Industrials,Air Freight & Logistics,"Eden Prairie, Minnesota",SP500,2026-05-22,CHRW,USD
CHTR,Charter Communications,US,USD,Communication Services,Cable & Satellite,"Stamford, Connecticut",SP500,2026-05-22,CHTR,USD
CI,Cigna,US,USD,Health Care,Health Care Services,"Bloomfield, Connecticut",SP500,2026-05-22,CI,USD
CIEN,Ciena,US,USD,Information Technology,Communications Equipment,"Hanover, Maryland",SP500,2026-05-22,CIEN,USD
CINF,Cincinnati Financial,US,USD,Financials,Property & Casualty Insurance,"Fairfield, Ohio",SP500,2026-05-22,CINF,USD
CL,Colgate-Palmolive,US,USD,Consumer Staples,Household Products,"New York City, New York",SP500,2026-05-22,CL,USD
CLN,Clariant,EU,EUR,Chemicals,,Switzerland,STOXX600,2026-05-22,CLN.SW,CHF
CLX,Clorox,US,USD,Consumer Staples,Household Products,"Oakland, California",SP500,2026-05-22,CLX,USD
CMCSA,Comcast,US,USD,Communication Services,Cable & Satellite,"Philadelphia, Pennsylvania",SP500,2026-05-22,CMCSA,USD
CME,CME Group,US,USD,Financials,Financial Exchanges & Data,"Chicago, Illinois",SP500,2026-05-22,CME,USD
CMG,Chipotle Mexican Grill,US,USD,Consumer Discretionary,Restaurants,"Newport Beach, California",SP500,2026-05-22,CMG,USD
CMI,Cummins,US,USD,Industrials,Construction Machinery & Heavy Transportation Equipment,"Columbus, Indiana",SP500,2026-05-22,CMI,USD
CMS,CMS Energy,US,USD,Utilities,Multi-Utilities,"Jackson, Michigan",SP500,2026-05-22,CMS,USD
CNA,Centrica,EU,EUR,Utilities,,United Kingdom,STOXX600,2026-05-22,CNA.L,GBP
CNC,Centene Corporation,US,USD,Health Care,Managed Health Care,"St. Louis, Missouri",SP500,2026-05-22,CNC,USD
CNP,CenterPoint Energy,US,USD,Utilities,Multi-Utilities,"Houston, Texas",SP500,2026-05-22,CNP,USD
COF,Capital One,US,USD,Financials,Consumer Finance,"Tysons Corner, Virginia",SP500,2026-05-22,COF,USD
COHR,Coherent Corp.,US,USD,Information Technology,Electronic Components,"Saxonburg, Pennsylvania",SP500,2026-05-22,COHR,USD
COIN,Coinbase,US,USD,Financials,Financial Exchanges & Data,"New York City, New York",SP500,2026-05-22,COIN,USD
COLR,Colruyt,EU,EUR,"Personal Care, Drug and Grocery Stores",,Belgium,STOXX600,2026-05-22,COLR.BR,EUR
CON,Continental,EU,EUR,Automobiles and Parts,,Germany,STOXX600,2026-05-22,CON.DE,EUR
COO,Cooper Companies (The),US,USD,Health Care,Health Care Supplies,"San Ramon, California",SP500,2026-05-22,COO,USD
COP,ConocoPhillips,US,USD,Energy,Oil & Gas Exploration & Production,"Houston, Texas",SP500,2026-05-22,COP,USD
COR,Cencora,US,USD,Health Care,Health Care Distributors,"Conshohocken, Pennsylvania",SP500,2026-05-22,COR,USD
COST,Costco,US,USD,Consumer Staples,Consumer Staples Merchandise Retail,"Issaquah, Washington",SP500,2026-05-22,COST,USD
CPAY,Corpay,US,USD,Financials,Transaction & Payment Processing Services,"Atlanta, Georgia",SP500,2026-05-22,CPAY,USD
CPB,Campbell's Company (The),US,USD,Consumer Staples,Packaged Foods & Meats,"Camden, New Jersey",SP500,2026-05-22,CPB,USD
CPG,Compass Group,EU,EUR,Travel and Leisure,,United Kingdom,STOXX600,2026-05-22,CPG.L,GBP
CPR,Davide Campari-Milano,EU,EUR,"Food, Beverage and Tobacco",,Italy,STOXX600,2026-05-22,CPR.MI,EUR
CPRT,Copart,US,USD,Industrials,Diversified Support Services,"Dallas, Texas",SP500,2026-05-22,CPRT,USD
CPT,Camden Property Trust,US,USD,Real Estate,Multi-Family Residential REITs,"Houston, Texas",SP500,2026-05-22,CPT,USD
CRDA,Croda International,EU,EUR,Chemicals,,United Kingdom,STOXX600,2026-05-22,CRDA.L,GBP
CRH,CRH plc,US,USD,Materials,Construction Materials,"Dublin, Ireland",SP500,2026-05-22,CRH,USD
CRL,Charles River Laboratories,US,USD,Health Care,Life Sciences Tools & Services,"Wilmington, Massachusetts",SP500,2026-05-22,CRL,USD
CRM,Salesforce,US,USD,Information Technology,Application Software,"San Francisco, California",SP500,2026-05-22,CRM,USD
CRWD,CrowdStrike,US,USD,Information Technology,Systems Software,"Austin, Texas",SP500,2026-05-22,CRWD,USD
CS,AXA,EU,EUR,Insurance,,France,STOXX600,2026-05-22,CS.PA,EUR
CSCO,Cisco,US,USD,Information Technology,Communications Equipment,"San Jose, California",SP500,2026-05-22,CSCO,USD
CSGP,CoStar Group,US,USD,Real Estate,Real Estate Services,"Washington, D.C.",SP500,2026-05-22,CSGP,USD
CSX,CSX Corporation,US,USD,Industrials,Rail Transportation,"Jacksonville, Florida",SP500,2026-05-22,CSX,USD
CTAS,Cintas,US,USD,Industrials,Diversified Support Services,"Mason, Ohio",SP500,2026-05-22,CTAS,USD
CTEC,ConvaTec,EU,EUR,Health Care,,United Kingdom,STOXX600,2026-05-22,CTEC.L,GBP
CTG,Computer Center,EU,EUR,Technology,,United Kingdom,STOXX600,2026-05-22,CTG.L,GBP
CTS,CTS Eventim,EU,EUR,Media,,Germany,STOXX600,2026-05-22,CTS.DE,EUR
CTSH,Cognizant,US,USD,Information Technology,IT Consulting & Other Services,"Teaneck, New Jersey",SP500,2026-05-22,CTSH,USD
CTVA,Corteva,US,USD,Materials,Fertilizers & Agricultural Chemicals,"Indianapolis, Indiana",SP500,2026-05-22,CTVA,USD
CVNA,Carvana,US,USD,Consumer Discretionary,Automotive Retail,"Tempe, Arizona",SP500,2026-05-22,CVNA,USD
CVS,CVS Health,US,USD,Health Care,Health Care Services,"Woonsocket, Rhode Island",SP500,2026-05-22,CVS,USD
CVX,Chevron Corporation,US,USD,Energy,Integrated Oil & Gas,"Houston, Texas",SP500,2026-05-22,CVX,USD
D,Dominion Energy,US,USD,Utilities,Multi-Utilities,"Richmond, Virginia",SP500,2026-05-22,D,USD
DAL,Delta Air Lines,US,USD,Industrials,Passenger Airlines,"Atlanta, Georgia",SP500,2026-05-22,DAL,USD
DANO,Danone,EU,EUR,"Food, Beverage and Tobacco",,France,STOXX600,2026-05-22,DANO.PA,EUR
DASH,DoorDash,US,USD,Consumer Discretionary,Specialized Consumer Services,"San Francisco, California",SP500,2026-05-22,DASH,USD
DB1,Deutsche Börse,EU,EUR,Financial Services,,Germany,STOXX600,2026-05-22,DB1.DE,EUR
DD,DuPont,US,USD,Materials,Specialty Chemicals,"Wilmington, Delaware",SP500,2026-05-22,DD,USD
DDOG,Datadog,US,USD,Information Technology,Application Software,"New York City, New York",SP500,2026-05-22,DDOG,USD
DE,Deere & Company,US,USD,Industrials,Agricultural & Farm Machinery,"Moline, Illinois",SP500,2026-05-22,DE,USD
DECK,Deckers Brands,US,USD,Consumer Discretionary,Footwear,"Goleta, California",SP500,2026-05-22,DECK,USD
DELL,Dell Technologies,US,USD,Information Technology,"Technology Hardware, Storage & Peripherals","Round Rock, Texas",SP500,2026-05-22,DELL,USD
DEMANT,Demant,EU,EUR,Health Care,,Denmark,STOXX600,2026-05-22,DEMANT.CO,DKK
DG,Dollar General,US,USD,Consumer Staples,Consumer Staples Merchandise Retail,"Goodlettsville, Tennessee",SP500,2026-05-22,DG,USD
DGE,Diageo,EU,EUR,"Food, Beverage and Tobacco",,United Kingdom,STOXX600,2026-05-22,DGE.L,GBP
DGX,Quest Diagnostics,US,USD,Health Care,Health Care Services,"Secaucus, New Jersey",SP500,2026-05-22,DGX,USD
DHER,Delivery Hero,EU,EUR,Retail,,Germany,STOXX600,2026-05-22,DHER.DE,EUR
DHI,D. R. Horton,US,USD,Consumer Discretionary,Homebuilding,"Arlington, Texas",SP500,2026-05-22,DHI,USD
DHL,DHL Group,EU,EUR,Industrial Goods and Services,,Germany,STOXX600,2026-05-22,DHL.DE,EUR
DHR,Danaher Corporation,US,USD,Health Care,Life Sciences Tools & Services,"Washington, D.C.",SP500,2026-05-22,DHR,USD
DIA,Dia,EU,EUR,"Personal Care, Drug and Grocery Stores",,Spain,STOXX600,2026-05-22,DIA.MC,EUR
DIE,DIETEREN Group,EU,EUR,Automobiles and Parts,,Belgium,STOXX600,2026-05-22,DIE.BR,EUR
DIS,Walt Disney Company (The),US,USD,Communication Services,Movies & Entertainment,"Burbank, California",SP500,2026-05-22,DIS,USD
DLG,Direct Line,EU,EUR,Insurance,,United Kingdom,STOXX600,2026-05-22,DLG.L,GBP
DLN,Derwent London,EU,EUR,Real Estate,,United Kingdom,STOXX600,2026-05-22,DLN.L,GBP
DLR,Digital Realty,US,USD,Real Estate,Data Center REITs,"Austin, Texas",SP500,2026-05-22,DLR,USD
DLTR,Dollar Tree,US,USD,Consumer Staples,Consumer Staples Merchandise Retail,"Chesapeake, Virginia",SP500,2026-05-22,DLTR,USD
DOC,Healthpeak Properties,US,USD,Real Estate,Health Care REITs,"Denver, Colorado",SP500,2026-05-22,DOC,USD
DOCM,DocMorris,EU,EUR,Health Care,,Switzerland,STOXX600,2026-05-22,DOCM.SW,CHF
DOV,Dover Corporation,US,USD,Industrials,Industrial Machinery & Supplies & Components,"Downers Grove, Illinois",SP500,2026-05-22,DOV,USD
DOW,Dow Inc.,US,USD,Materials,Commodity Chemicals,"Midland, Michigan",SP500,2026-05-22,DOW,USD
DPLM,Diploma,EU,EUR,Industrial Goods and Services,,United Kingdom,STOXX600,2026-05-22,DPLM.L,GBP
DPZ,Domino's,US,USD,Consumer Discretionary,Restaurants,"Ann Arbor, Michigan",SP500,2026-05-22,DPZ,USD
DRI,Darden Restaurants,US,USD,Consumer Discretionary,Restaurants,"Orlando, Florida",SP500,2026-05-22,DRI,USD
DSM,DSM-Firmenich,EU,EUR,Chemicals,,Switzerland,STOXX600,2026-05-22,DSM.SW,CHF
DTE,DTE Energy,US,USD,Utilities,Multi-Utilities,"Detroit, Michigan",SP500,2026-05-22,DTE,USD
DTG,Daimler Truck,EU,EUR,Industrial Goods and Services,,Germany,STOXX600,2026-05-22,DTG.DE,EUR
DUK,Duke Energy,US,USD,Utilities,Electric Utilities,"Charlotte, North Carolina",SP500,2026-05-22,DUK,USD
DVA,DaVita,US,USD,Health Care,Health Care Services,"Denver, Colorado",SP500,2026-05-22,DVA,USD
DVN,Devon Energy,US,USD,Energy,Oil & Gas Exploration & Production,"Oklahoma City, Oklahoma",SP500,2026-05-22,DVN,USD
DXCM,Dexcom,US,USD,Health Care,Health Care Equipment,"San Diego, California",SP500,2026-05-22,DXCM,USD
EA,Electronic Arts,US,USD,Communication Services,Interactive Home Entertainment,"Redwood City, California",SP500,2026-05-22,EA,USD
EBAY,eBay Inc.,US,USD,Consumer Discretionary,Broadline Retail,"San Jose, California",SP500,2026-05-22,EBAY,USD
EBS,Erste Group,EU,EUR,Banks,,Austria,STOXX600,2026-05-22,EBS.VI,EUR
ECL,Ecolab,US,USD,Materials,Specialty Chemicals,"Saint Paul, Minnesota",SP500,2026-05-22,ECL,USD
ED,Consolidated Edison,US,USD,Utilities,Multi-Utilities,"New York City, New York",SP500,2026-05-22,ED,USD
EDEN,Edenred,EU,EUR,Industrial Goods and Services,,France,STOXX600,2026-05-22,EDEN.PA,EUR
EDP,EDP - Energias de Portugal,EU,EUR,Utilities,,Portugal,STOXX600,2026-05-22,EDP.LS,EUR
EDPR,EDP Renováveis,EU,EUR,Utilities,,Portugal,STOXX600,2026-05-22,EDPR.LS,EUR
EDV,Endeavour Mining,EU,EUR,Basic Resources,,United Kingdom,STOXX600,2026-05-22,EDV.L,GBP
EFGI,Eiffage,EU,EUR,Construction and Materials,,France,STOXX600,2026-05-22,EFGI.PA,EUR
EFX,Equifax,US,USD,Industrials,Research & Consulting Services,"Atlanta, Georgia",SP500,2026-05-22,EFX,USD
EG,Everest Group,US,USD,Financials,Reinsurance,"Hamilton, Bermuda",SP500,2026-05-22,EG,USD
EIX,Edison International,US,USD,Utilities,Electric Utilities,"Rosemead, California",SP500,2026-05-22,EIX,USD
EL,Estée Lauder Companies (The),US,USD,Consumer Staples,Personal Care Products,"New York City, New York",SP500,2026-05-22,EL,USD
ELISA,Elisa,EU,EUR,Telecommunications,,Finland,STOXX600,2026-05-22,ELISA.HE,EUR
ELUX B,Electrolux,EU,EUR,Consumer Products and Services,,Sweden,STOXX600,2026-05-22,ELUX-B.ST,SEK
ELUXb,Electrolux,EU,EUR,Consumer Products and Services,,Sweden,STOXX600,2026-05-22,ELUXb.ST,SEK
ELV,Elevance Health,US,USD,Health Care,Managed Health Care,"Indianapolis, Indiana",SP500,2026-05-22,ELV,USD
EME,Emcor,US,USD,Industrials,Construction & Engineering,"Norwalk, Connecticut",SP500,2026-05-22,EME,USD
EMR,Emerson Electric,US,USD,Industrials,Electrical Components & Equipment,"Ferguson, Missouri",SP500,2026-05-22,EMR,USD
EMSN,Ems-Chemie,EU,EUR,Chemicals,,Switzerland,STOXX600,2026-05-22,EMSN.SW,CHF
EN,Bouygues,EU,EUR,Construction and Materials,,France,STOXX600,2026-05-22,EN.PA,EUR
ENEL,Enel,EU,EUR,Utilities,,Italy,STOXX600,2026-05-22,ENEL.MI,EUR
ENG,Enagás,EU,EUR,Utilities,,Spain,STOXX600,2026-05-22,ENG.MC,EUR
ENGI,Engie,EU,EUR,Utilities,,France,STOXX600,2026-05-22,ENGI.PA,EUR
ENGIE,Engie,EU,EUR,Utilities,,France,STOXX600,2026-05-22,ENGIE.PA,EUR
ENI,Eni,EU,EUR,Energy,,Italy,STOXX600,2026-05-22,ENI.MI,EUR
ENT,Entain,EU,EUR,Travel and Leisure,,United Kingdom,STOXX600,2026-05-22,ENT.L,GBP
ENX,Euronext,EU,EUR,Financial Services,,Netherlands,STOXX600,2026-05-22,ENX.AS,EUR
EOAN,E.ON,EU,EUR,Utilities,,Germany,STOXX600,2026-05-22,EOAN.DE,EUR
EOG,EOG Resources,US,USD,Energy,Oil & Gas Exploration & Production,"Houston, Texas",SP500,2026-05-22,EOG,USD
EPAM,EPAM Systems,US,USD,Information Technology,IT Consulting & Other Services,"Newtown, Pennsylvania",SP500,2026-05-22,EPAM,USD
EPI A,Epiroc,EU,EUR,Industrial Goods and Services,,Sweden,STOXX600,2026-05-22,EPI-A.ST,SEK
EQIX,Equinix,US,USD,Real Estate,Data Center REITs,"Redwood City, California",SP500,2026-05-22,EQIX,USD
EQR,Equity Residential,US,USD,Real Estate,Multi-Family Residential REITs,"Chicago, Illinois",SP500,2026-05-22,EQR,USD
EQT,EQT Corporation,US,USD,Energy,Oil & Gas Exploration & Production,"Pittsburgh, Pennsylvania",SP500,2026-05-22,EQT,USD
ERICb,Ericsson,EU,EUR,Telecommunications,,Sweden,STOXX600,2026-05-22,ERICb.ST,SEK
ERIE,Erie Indemnity,US,USD,Financials,Insurance Brokers,"Erie, Pennsylvania",SP500,2026-05-22,ERIE,USD
ES,Eversource Energy,US,USD,Utilities,Electric Utilities,"Hartford, Connecticut",SP500,2026-05-22,ES,USD
ESLX,EssilorLuxottica,EU,EUR,Health Care,,France,STOXX600,2026-05-22,ESLX.PA,EUR
ESS,Essex Property Trust,US,USD,Real Estate,Multi-Family Residential REITs,"San Mateo, California",SP500,2026-05-22,ESS,USD
ETN,Eaton Corporation,US,USD,Industrials,Electrical Components & Equipment,"Dublin, Ireland",SP500,2026-05-22,ETN,USD
ETR,Entergy,US,USD,Utilities,Electric Utilities,"New Orleans, Louisiana",SP500,2026-05-22,ETR,USD
EVK,Evonik Industries,EU,EUR,Chemicals,,Germany,STOXX600,2026-05-22,EVK.DE,EUR
EVR,Evraz,EU,EUR,Basic Resources,,United Kingdom,STOXX600,2026-05-22,EVR.L,GBP
EVRG,Evergy,US,USD,Utilities,Electric Utilities,"Kansas City, Missouri",SP500,2026-05-22,EVRG,USD
EVT,Evotec,EU,EUR,Health Care,,Germany,STOXX600,2026-05-22,EVT.DE,EUR
EW,Edwards Lifesciences,US,USD,Health Care,Health Care Equipment,"Irvine, California",SP500,2026-05-22,EW,USD
EXC,Exelon,US,USD,Utilities,Electric Utilities,"Chicago, Illinois",SP500,2026-05-22,EXC,USD
EXE,Expand Energy,US,USD,Energy,Oil & Gas Exploration & Production,"Oklahoma City, Oklahoma",SP500,2026-05-22,EXE,USD
EXO,Exor,EU,EUR,Financial Services,,Netherlands,STOXX600,2026-05-22,EXO.AS,EUR
EXPD,Expeditors International,US,USD,Industrials,Air Freight & Logistics,"Seattle, Washington",SP500,2026-05-22,EXPD,USD
EXPE,Expedia Group,US,USD,Consumer Discretionary,"Hotels, Resorts & Cruise Lines","Seattle, Washington",SP500,2026-05-22,EXPE,USD
EXPN,Experian,EU,EUR,Industrial Goods and Services,,United Kingdom,STOXX600,2026-05-22,EXPN.L,GBP
EXR,Extra Space Storage,US,USD,Real Estate,Self-Storage REITs,"Salt Lake City, Utah",SP500,2026-05-22,EXR,USD
EZJ,EasyJet,EU,EUR,Travel and Leisure,,United Kingdom,STOXX600,2026-05-22,EZJ.L,GBP
F,Ford Motor Company,US,USD,Consumer Discretionary,Automobile Manufacturers,"Dearborn, Michigan",SP500,2026-05-22,F,USD
FALK,Falck,EU,EUR,Health Care,,Denmark,STOXX600,2026-05-22,FALK.CO,DKK
FANG,Diamondback Energy,US,USD,Energy,Oil & Gas Exploration & Production,"Midland, Texas",SP500,2026-05-22,FANG,USD
FAST,Fastenal,US,USD,Industrials,Trading Companies & Distributors,"Winona, Minnesota",SP500,2026-05-22,FAST,USD
FCX,Freeport-McMoRan,US,USD,Materials,Copper,"Phoenix, Arizona",SP500,2026-05-22,FCX,USD
FDS,FactSet,US,USD,Financials,Financial Exchanges & Data,"Norwalk, Connecticut",SP500,2026-05-22,FDS,USD
FDX,FedEx,US,USD,Industrials,Air Freight & Logistics,"Memphis, Tennessee",SP500,2026-05-22,FDX,USD
FE,FirstEnergy,US,USD,Utilities,Electric Utilities,"Akron, Ohio",SP500,2026-05-22,FE,USD
FER,Ferrovial,EU,EUR,Construction and Materials,,Netherlands,STOXX600,2026-05-22,FER.AS,EUR
FERR,Ferrari,EU,EUR,Automobiles and Parts,,Italy,STOXX600,2026-05-22,FERR.MI,EUR
FFIV,"F5, Inc.",US,USD,Information Technology,Communications Equipment,"Seattle, Washington",SP500,2026-05-22,FFIV,USD
FICO,Fair Isaac,US,USD,Information Technology,Application Software,"Bozeman, Montana",SP500,2026-05-22,FICO,USD
FIS,Fidelity National Information Services,US,USD,Financials,Transaction & Payment Processing Services,"Jacksonville, Florida",SP500,2026-05-22,FIS,USD
FISV,Fiserv,US,USD,Financials,Transaction & Payment Processing Services,"Brookfield, Wisconsin",SP500,2026-05-22,FISV,USD
FITB,Fifth Third Bancorp,US,USD,Financials,Regional Banks,"Cincinnati, Ohio",SP500,2026-05-22,FITB,USD
FIX,Comfort Systems USA,US,USD,Industrials,Construction & Engineering,"Houston, Texas",SP500,2026-05-22,FIX,USD
FLOW,Flow Traders,EU,EUR,Financial Services,,Netherlands,STOXX600,2026-05-22,FLOW.AS,EUR
FLTR,Flutter Entertainment,EU,EUR,Travel and Leisure,,Ireland,STOXX600,2026-05-22,FLTR.IR,EUR
FME,Fresenius Medical Care,EU,EUR,Health Care,,Germany,STOXX600,2026-05-22,FME.DE,EUR
FNTN,Freenet,EU,EUR,Telecommunications,,Germany,STOXX600,2026-05-22,FNTN.DE,EUR
FOR,FCC,EU,EUR,Construction and Materials,,Spain,STOXX600,2026-05-22,FOR.MC,EUR
FORTUM,Fortum,EU,EUR,Utilities,,Finland,STOXX600,2026-05-22,FORTUM.HE,EUR
FOX,Fox Corporation (Class B),US,USD,Communication Services,Broadcasting,"New York City, New York",SP500,2026-05-22,FOX,USD
FOXA,Fox Corporation (Class A),US,USD,Communication Services,Broadcasting,"New York City, New York",SP500,2026-05-22,FOXA,USD
FR,Valeo,EU,EUR,Automobiles and Parts,,France,STOXX600,2026-05-22,FR.PA,EUR
FRA,Rational,EU,EUR,Industrial Goods and Services,,Germany,STOXX600,2026-05-22,FRA.DE,EUR
FRT,Federal Realty Investment Trust,US,USD,Real Estate,Retail REITs,"Rockville, Maryland",SP500,2026-05-22,FRT,USD
FRVIA,Forvia,EU,EUR,Automobiles and Parts,,France,STOXX600,2026-05-22,FRVIA.PA,EUR
FSLR,First Solar,US,USD,Information Technology,Semiconductors,"Tempe, Arizona",SP500,2026-05-22,FSLR,USD
FTI,TechnipFMC,EU,EUR,Energy,,United Kingdom,STOXX600,2026-05-22,FTI.L,GBP
FTNT,Fortinet,US,USD,Information Technology,Systems Software,"Sunnyvale, California",SP500,2026-05-22,FTNT,USD
FTV,Fortive,US,USD,Industrials,Industrial Machinery & Supplies & Components,"Everett, Washington",SP500,2026-05-22,FTV,USD
G1A,GEA Group,EU,EUR,Industrial Goods and Services,,Germany,STOXX600,2026-05-22,G1A.DE,EUR
G24,Scout24,EU,EUR,Technology,,Germany,STOXX600,2026-05-22,G24.DE,EUR
GALE,Galenica,EU,EUR,Health Care,,Switzerland,STOXX600,2026-05-22,GALE.SW,CHF
GALP,Galp Energia,EU,EUR,Energy,,Portugal,STOXX600,2026-05-22,GALP.LS,EUR
GAW,Games Workshop,EU,EUR,Consumer Products and Services,,United Kingdom,STOXX600,2026-05-22,GAW.L,GBP
GD,General Dynamics,US,USD,Industrials,Aerospace & Defense,"Reston, Virginia",SP500,2026-05-22,GD,USD
GDDY,GoDaddy,US,USD,Information Technology,Internet Services & Infrastructure,"Tempe, Arizona",SP500,2026-05-22,GDDY,USD
GE,GE Aerospace,US,USD,Industrials,Aerospace & Defense,"Evendale, Ohio",SP500,2026-05-22,GE,USD
GEBN,Geberit,EU,EUR,Construction and Materials,,Switzerland,STOXX600,2026-05-22,GEBN.SW,CHF
GEHC,GE HealthCare,US,USD,Health Care,Health Care Equipment,"Chicago, Illinois",SP500,2026-05-22,GEHC,USD
GEN,Gen Digital,US,USD,Information Technology,Systems Software,"Tempe, Arizona",SP500,2026-05-22,GEN,USD
GET,Getlink,EU,EUR,Industrial Goods and Services,,France,STOXX600,2026-05-22,GET.PA,EUR
GEV,GE Vernova,US,USD,Industrials,Heavy Electrical Equipment,"Cambridge, Massachusetts",SP500,2026-05-22,GEV,USD
GF,Georg Fischer,EU,EUR,Industrial Goods and Services,,Switzerland,STOXX600,2026-05-22,GF.SW,CHF
GFC,Gecina,EU,EUR,Real Estate,,France,STOXX600,2026-05-22,GFC.PA,EUR
GFT,Grafton Group,EU,EUR,Industrial Goods and Services,,Ireland,STOXX600,2026-05-22,GFT.IR,EUR
GILD,Gilead Sciences,US,USD,Health Care,Biotechnology,"Foster City, California",SP500,2026-05-22,GILD,USD
GIS,General Mills,US,USD,Consumer Staples,Packaged Foods & Meats,"Golden Valley, Minnesota",SP500,2026-05-22,GIS,USD
GIVN,Givaudan,EU,EUR,Chemicals,,Switzerland,STOXX600,2026-05-22,GIVN.SW,CHF
GL,Globe Life,US,USD,Financials,Life & Health Insurance,"McKinney, Texas",SP500,2026-05-22,GL,USD
GLB,Glanbia,EU,EUR,"Food, Beverage and Tobacco",,Ireland,STOXX600,2026-05-22,GLB.IR,EUR
GLE,Société Générale,EU,EUR,Banks,,France,STOXX600,2026-05-22,GLE.PA,EUR
GLEN,Glencore,EU,EUR,Basic Resources,,United Kingdom,STOXX600,2026-05-22,GLEN.L,GBP
GLW,Corning Inc.,US,USD,Information Technology,Electronic Components,"Corning, New York",SP500,2026-05-22,GLW,USD
GM,General Motors,US,USD,Consumer Discretionary,Automobile Manufacturers,"Detroit, Michigan",SP500,2026-05-22,GM,USD
GN,GN Store Nord,EU,EUR,Health Care,,Denmark,STOXX600,2026-05-22,GN.CO,DKK
GNRC,Generac,US,USD,Industrials,Electrical Components & Equipment,"Waukesha, Wisconsin",SP500,2026-05-22,GNRC,USD
GOOG,Alphabet Inc. (Class C),US,USD,Communication Services,Interactive Media & Services,"Mountain View, California",SP500,2026-05-22,GOOG,USD
GOOGL,Alphabet Inc. (Class A),US,USD,Communication Services,Interactive Media & Services,"Mountain View, California",SP500,2026-05-22,GOOGL,USD
GPC,Genuine Parts Company,US,USD,Consumer Discretionary,Distributors,"Atlanta, Georgia",SP500,2026-05-22,GPC,USD
GPN,Global Payments,US,USD,Financials,Transaction & Payment Processing Services,"Atlanta, Georgia",SP500,2026-05-22,GPN,USD
GREG,Greggs,EU,EUR,Retail,,United Kingdom,STOXX600,2026-05-22,GREG.L,GBP
GRF,Grifols,EU,EUR,Health Care,,Spain,STOXX600,2026-05-22,GRF.MC,EUR
GRLS,Grifols,EU,EUR,Health Care,,Spain,STOXX600,2026-05-22,GRLS.MC,EUR
GRMN,Garmin,US,USD,Consumer Discretionary,Consumer Electronics,"Schaffhausen, Switzerland",SP500,2026-05-22,GRMN,USD
GS,Goldman Sachs,US,USD,Financials,Investment Banking & Brokerage,"New York City, New York",SP500,2026-05-22,GS,USD
GSK,GSK plc,EU,EUR,Health Care,,United Kingdom,STOXX600,2026-05-22,GSK.L,GBP
GWI,Gruppo Campari,EU,EUR,"Food, Beverage and Tobacco",,Italy,STOXX600,2026-05-22,GWI.MI,EUR
GWW,W. W. Grainger,US,USD,Industrials,Industrial Machinery & Supplies & Components,"Lake Forest, Illinois",SP500,2026-05-22,GWW,USD
HAL,Halliburton,US,USD,Energy,Oil & Gas Equipment & Services,"Houston, Texas",SP500,2026-05-22,HAL,USD
HAS,Hasbro,US,USD,Consumer Discretionary,Leisure Products,"Pawtucket, Rhode Island",SP500,2026-05-22,HAS,USD
HBAN,Huntington Bancshares,US,USD,Financials,Regional Banks,"Columbus, Ohio; Detroit, Michigan",SP500,2026-05-22,HBAN,USD
HCA,HCA Healthcare,US,USD,Health Care,Health Care Facilities,"Nashville, Tennessee",SP500,2026-05-22,HCA,USD
HD,Home Depot (The),US,USD,Consumer Discretionary,Home Improvement Retail,"Atlanta, Georgia",SP500,2026-05-22,HD,USD
HEI,Heidelberg Materials,EU,EUR,Construction and Materials,,Germany,STOXX600,2026-05-22,HEI.DE,EUR
HELN,Helvetia Insurance,EU,EUR,Insurance,,Switzerland,STOXX600,2026-05-22,HELN.SW,CHF
HEN3,Henkel,EU,EUR,Consumer Products and Services,,Germany,STOXX600,2026-05-22,HEN3.DE,EUR
HIG,Hartford (The),US,USD,Financials,Property & Casualty Insurance,"Hartford, Connecticut",SP500,2026-05-22,HIG,USD
HII,Huntington Ingalls Industries,US,USD,Industrials,Aerospace & Defense,"Newport News, Virginia",SP500,2026-05-22,HII,USD
HIK,Hikma Pharmaceuticals,EU,EUR,Health Care,,United Kingdom,STOXX600,2026-05-22,HIK.L,GBP
HLI,Haleon,EU,EUR,Consumer Products and Services,,United Kingdom,STOXX600,2026-05-22,HLI.L,GBP
HLM,Halma,EU,EUR,Industrial Goods and Services,,United Kingdom,STOXX600,2026-05-22,HLM.L,GBP
HLMA,Halma plc,EU,EUR,Industrial Goods and Services,,United Kingdom,STOXX600,2026-05-22,HLMA.L,GBP
HLT,Hilton Worldwide,US,USD,Consumer Discretionary,"Hotels, Resorts & Cruise Lines","Tysons Corner, Virginia",SP500,2026-05-22,HLT,USD
HMB,H&M,EU,EUR,Retail,,Sweden,STOXX600,2026-05-22,HMB.ST,SEK
HNR,Hannover Re,EU,EUR,Insurance,,Germany,STOXX600,2026-05-22,HNR.DE,EUR
HOLN,Holcim,EU,EUR,Construction and Materials,,Switzerland,STOXX600,2026-05-22,HOLN.SW,CHF
HON,Honeywell,US,USD,Industrials,Industrial Conglomerates,"Charlotte, North Carolina",SP500,2026-05-22,HON,USD
HOOD,Robinhood Markets,US,USD,Financials,Investment Banking & Brokerage,"Menlo Park, California",SP500,2026-05-22,HOOD,USD
HPE,Hewlett Packard Enterprise,US,USD,Information Technology,"Technology Hardware, Storage & Peripherals","Houston, Texas",SP500,2026-05-22,HPE,USD
HPQ,HP Inc.,US,USD,Information Technology,"Technology Hardware, Storage & Peripherals","Palo Alto, California",SP500,2026-05-22,HPQ,USD
HRL,Hormel Foods,US,USD,Consumer Staples,Packaged Foods & Meats,"Austin, Minnesota",SP500,2026-05-22,HRL,USD
HSBA,HSBC,EU,EUR,Banks,,United Kingdom,STOXX600,2026-05-22,HSBA.L,GBP
HSIC,Henry Schein,US,USD,Health Care,Health Care Distributors,"Melville, New York",SP500,2026-05-22,HSIC,USD
HST,Host Hotels & Resorts,US,USD,Real Estate,Hotel & Resort REITs,"Bethesda, Maryland",SP500,2026-05-22,HST,USD
HSX,Hiscox,EU,EUR,Insurance,,Bermuda,STOXX600,2026-05-22,HSX.DE,EUR
HSY,Hershey Company (The),US,USD,Consumer Staples,Packaged Foods & Meats,"Hershey, Pennsylvania",SP500,2026-05-22,HSY,USD
HUBB,Hubbell Incorporated,US,USD,Industrials,Industrial Machinery & Supplies & Components,"Shelton, Connecticut",SP500,2026-05-22,HUBB,USD
HUM,Humana,US,USD,Health Care,Managed Health Care,"Louisville, Kentucky",SP500,2026-05-22,HUM,USD
HUSQ B,Husqvarna,EU,EUR,Consumer Products and Services,,Sweden,STOXX600,2026-05-22,HUSQ-B.ST,SEK
HWDN,Howden Joinery,EU,EUR,Retail,,United Kingdom,STOXX600,2026-05-22,HWDN.L,GBP
HWM,Howmet Aerospace,US,USD,Industrials,Aerospace & Defense,"Pittsburgh, Pennsylvania",SP500,2026-05-22,HWM,USD
IAG,International Airlines Group,EU,EUR,Travel and Leisure,,United Kingdom,STOXX600,2026-05-22,IAG.L,GBP
IBE,Iberdrola,EU,EUR,Utilities,,Spain,STOXX600,2026-05-22,IBE.MC,EUR
IBKR,Interactive Brokers,US,USD,Financials,Investment Banking & Brokerage,"Greenwich, Connecticut",SP500,2026-05-22,IBKR,USD
IBM,IBM,US,USD,Information Technology,IT Consulting & Other Services,"Armonk, New York",SP500,2026-05-22,IBM,USD
ICE,Intercontinental Exchange,US,USD,Financials,Financial Exchanges & Data,"Atlanta, Georgia",SP500,2026-05-22,ICE,USD
ICP,Intermediate Capital Group,EU,EUR,Financial Services,,United Kingdom,STOXX600,2026-05-22,ICP.L,GBP
IDP,Interpump Group,EU,EUR,Industrial Goods and Services,,Italy,STOXX600,2026-05-22,IDP.MI,EUR
IDXX,Idexx Laboratories,US,USD,Health Care,Health Care Equipment,"Westbrook, Maine",SP500,2026-05-22,IDXX,USD
IEX,IDEX Corporation,US,USD,Industrials,Industrial Machinery & Supplies & Components,"Northbrook, Illinois",SP500,2026-05-22,IEX,USD
IFF,International Flavors & Fragrances,US,USD,Materials,Specialty Chemicals,"New York City, New York",SP500,2026-05-22,IFF,USD
IFX,Infineon Technologies,EU,EUR,Technology,,Germany,STOXX600,2026-05-22,IFX.DE,EUR
IGGI,IG Group,EU,EUR,Financial Services,,United Kingdom,STOXX600,2026-05-22,IGGI.L,GBP
IHG,InterContinental Hotels Group,EU,EUR,Travel and Leisure,,United Kingdom,STOXX600,2026-05-22,IHG.L,GBP
III,3i,EU,EUR,Financial Services,,United Kingdom,STOXX600,2026-05-22,III.L,GBP
IMB,Imperial Brands,EU,EUR,"Food, Beverage and Tobacco",,United Kingdom,STOXX600,2026-05-22,IMB.L,GBP
IMI,IMI,EU,EUR,Industrial Goods and Services,,United Kingdom,STOXX600,2026-05-22,IMI.L,GBP
INCH,Inchcape,EU,EUR,Retail,,United Kingdom,STOXX600,2026-05-22,INCH.L,GBP
INCY,Incyte,US,USD,Health Care,Biotechnology,"Wilmington, Delaware",SP500,2026-05-22,INCY,USD
INDT,Indutrade,EU,EUR,Industrial Goods and Services,,Sweden,STOXX600,2026-05-22,INDT.ST,SEK
INDV,Indivior,EU,EUR,Health Care,,United Kingdom,STOXX600,2026-05-22,INDV.L,GBP
INF,Informa,EU,EUR,Media,,United Kingdom,STOXX600,2026-05-22,INF.L,GBP
INGA,ING Group,EU,EUR,Banks,,Netherlands,STOXX600,2026-05-22,INGA.AS,EUR
INP,Investec,EU,EUR,Financial Services,,United Kingdom,STOXX600,2026-05-22,INP.L,GBP
INPST,InPost,EU,EUR,Industrial Goods and Services,,Luxembourg,STOXX600,2026-05-22,INPST.LU,EUR
INTC,Intel,US,USD,Information Technology,Semiconductors,"Santa Clara, California",SP500,2026-05-22,INTC,USD
INTU,Intuit,US,USD,Information Technology,Application Software,"Mountain View, California",SP500,2026-05-22,INTU,USD
INVH,Invitation Homes,US,USD,Real Estate,Single-Family Residential REITs,"Dallas, Texas",SP500,2026-05-22,INVH,USD
IP,International Paper,US,USD,Materials,Paper & Plastic Packaging Products & Materials,"Memphis, Tennessee",SP500,2026-05-22,IP,USD
IPN,Ipsen,EU,EUR,Health Care,,France,STOXX600,2026-05-22,IPN.PA,EUR
IPX,Ipsos,EU,EUR,Media,,France,STOXX600,2026-05-22,IPX.PA,EUR
IQV,IQVIA,US,USD,Health Care,Life Sciences Tools & Services,"Durham, North Carolina",SP500,2026-05-22,IQV,USD
IR,Ingersoll Rand,US,USD,Industrials,Industrial Machinery & Supplies & Components,"Davidson, North Carolina",SP500,2026-05-22,IR,USD
IRM,Iron Mountain,US,USD,Real Estate,Other Specialized REITs,"Portsmouth, New Hampshire",SP500,2026-05-22,IRM,USD
ISP,Intesa Sanpaolo,EU,EUR,Banks,,Italy,STOXX600,2026-05-22,ISP.MI,EUR
ISRG,Intuitive Surgical,US,USD,Health Care,Health Care Equipment,"Sunnyvale, California",SP500,2026-05-22,ISRG,USD
IT,Gartner,US,USD,Information Technology,IT Consulting & Other Services,"Stamford, Connecticut",SP500,2026-05-22,IT,USD
ITRK,Intertek,EU,EUR,Industrial Goods and Services,,United Kingdom,STOXX600,2026-05-22,ITRK.L,GBP
ITV,ITV,EU,EUR,Media,,United Kingdom,STOXX600,2026-05-22,ITV.L,GBP
ITW,Illinois Tool Works,US,USD,Industrials,Industrial Machinery & Supplies & Components,"Glenview, Illinois",SP500,2026-05-22,ITW,USD
ITX,Inditex,EU,EUR,Retail,,Spain,STOXX600,2026-05-22,ITX.MC,EUR
IVZ,Invesco,US,USD,Financials,Asset Management & Custody Banks,"Atlanta, Georgia",SP500,2026-05-22,IVZ,USD
J,Jacobs Solutions,US,USD,Industrials,Construction & Engineering,"Dallas, Texas",SP500,2026-05-22,J,USD
JBHT,J.B. Hunt,US,USD,Industrials,Cargo Ground Transportation,"Lowell, Arkansas",SP500,2026-05-22,JBHT,USD
JBL,Jabil,US,USD,Information Technology,Electronic Manufacturing Services,"St. Petersburg, Florida",SP500,2026-05-22,JBL,USD
JCI,Johnson Controls,US,USD,Industrials,Building Products,"Cork, Ireland",SP500,2026-05-22,JCI,USD
JD,JD Sports,EU,EUR,Retail,,United Kingdom,STOXX600,2026-05-22,JD.L,GBP
JKHY,Jack Henry & Associates,US,USD,Financials,Transaction & Payment Processing Services,"Monett, Missouri",SP500,2026-05-22,JKHY,USD
JMAT,Johnson Matthey,EU,EUR,Chemicals,,United Kingdom,STOXX600,2026-05-22,JMAT.L,GBP
JMT,Jerónimo Martins,EU,EUR,Retail,,Portugal,STOXX600,2026-05-22,JMT.LS,EUR
JNJ,Johnson & Johnson,US,USD,Health Care,Pharmaceuticals,"New Brunswick, New Jersey",SP500,2026-05-22,JNJ,USD
JPM,JPMorgan Chase,US,USD,Financials,Diversified Banks,"New York City, New York",SP500,2026-05-22,JPM,USD
JUST,Just Eat Takeaway,EU,EUR,Retail,,Netherlands,STOXX600,2026-05-22,JUST.AS,EUR
KBC,KBC Group,EU,EUR,Banks,,Belgium,STOXX600,2026-05-22,KBC.BR,EUR
KDP,Keurig Dr Pepper,US,USD,Consumer Staples,Soft Drinks & Non-alcoholic Beverages,"Burlington, Massachusetts",SP500,2026-05-22,KDP,USD
KER,Kering,EU,EUR,Consumer Products and Services,,France,STOXX600,2026-05-22,KER.PA,EUR
KEY,KeyCorp,US,USD,Financials,Regional Banks,"Cleveland, Ohio",SP500,2026-05-22,KEY,USD
KEYS,Keysight Technologies,US,USD,Information Technology,Electronic Equipment & Instruments,"Santa Rosa, California",SP500,2026-05-22,KEYS,USD
KGF,Kingfisher plc,EU,EUR,Retail,,United Kingdom,STOXX600,2026-05-22,KGF.L,GBP
KHC,Kraft Heinz,US,USD,Consumer Staples,Packaged Foods & Meats,"Chicago, Illinois; Pittsburgh, Pennsylvania",SP500,2026-05-22,KHC,USD
KIM,Kimco Realty,US,USD,Real Estate,Retail REITs,"Jericho, New York",SP500,2026-05-22,KIM,USD
KKR,KKR & Co.,US,USD,Financials,Asset Management & Custody Banks,"New York City, New York",SP500,2026-05-22,KKR,USD
KLAC,KLA Corporation,US,USD,Information Technology,Semiconductor Materials & Equipment,"Milpitas, California",SP500,2026-05-22,KLAC,USD
KMB,Kimberly-Clark,US,USD,Consumer Staples,Household Products,"Irving, Texas",SP500,2026-05-22,KMB,USD
KMI,Kinder Morgan,US,USD,Energy,Oil & Gas Storage & Transportation,"Houston, Texas",SP500,2026-05-22,KMI,USD
KNEBV,Kone,EU,EUR,Industrial Goods and Services,,Finland,STOXX600,2026-05-22,KNEBV.HE,EUR
KNIN,Kuehne + Nagel,EU,EUR,Industrial Goods and Services,,Switzerland,STOXX600,2026-05-22,KNIN.SW,CHF
KO,Coca-Cola Company (The),US,USD,Consumer Staples,Soft Drinks & Non-alcoholic Beverages,"Atlanta, Georgia",SP500,2026-05-22,KO,USD
KPN,KPN,EU,EUR,Telecommunications,,Netherlands,STOXX600,2026-05-22,KPN.AS,EUR
KR,Kroger,US,USD,Consumer Staples,Food Retail,"Cincinnati, Ohio",SP500,2026-05-22,KR,USD
KVUE,Kenvue,US,USD,Consumer Staples,Personal Care Products,"Skillman, New Jersey",SP500,2026-05-22,KVUE,USD
L,Loews Corporation,US,USD,Financials,Multi-line Insurance,"New York City, New York",SP500,2026-05-22,L,USD
LAND,Land Securities,EU,EUR,Real Estate,,United Kingdom,STOXX600,2026-05-22,LAND.L,GBP
LANV,Lanvin Group,EU,EUR,Consumer Products and Services,,France,STOXX600,2026-05-22,LANV.PA,EUR
LDO,Leonardo,EU,EUR,Industrial Goods and Services,,Italy,STOXX600,2026-05-22,LDO.MI,EUR
LDOS,Leidos,US,USD,Industrials,Diversified Support Services,"Reston, Virginia",SP500,2026-05-22,LDOS,USD
LEG,LEG Immobilien,EU,EUR,Real Estate,,Germany,STOXX600,2026-05-22,LEG.DE,EUR
LEN,Lennar,US,USD,Consumer Discretionary,Homebuilding,"Miami, Florida",SP500,2026-05-22,LEN,USD
LGEN,Legal & General,EU,EUR,Insurance,,United Kingdom,STOXX600,2026-05-22,LGEN.L,GBP
LH,Labcorp,US,USD,Health Care,Health Care Services,"Burlington, North Carolina",SP500,2026-05-22,LH,USD
LHA,Lufthansa,EU,EUR,Travel and Leisure,,Germany,STOXX600,2026-05-22,LHA.DE,EUR
LHX,L3Harris,US,USD,Industrials,Aerospace & Defense,"Melbourne, Florida",SP500,2026-05-22,LHX,USD
LIF,LifeCo,EU,EUR,Insurance,,Ireland,STOXX600,2026-05-22,LIF.IR,EUR
LIGHT,Signify,EU,EUR,Construction and Materials,,Netherlands,STOXX600,2026-05-22,LIGHT.AS,EUR
LII,Lennox International,US,USD,Industrials,Building Products,"Richardson, Texas",SP500,2026-05-22,LII,USD
LIN,Linde plc,US,USD,Materials,Industrial Gases,"Guildford, United Kingdom",SP500,2026-05-22,LIN,USD
LISN,Lindt & Sprüngli,EU,EUR,"Food, Beverage and Tobacco",,Switzerland,STOXX600,2026-05-22,LISN.SW,CHF
LITE,Lumentum,US,USD,Information Technology,Communications Equipment,"San Jose, California",SP500,2026-05-22,LITE,USD
LLOY,Lloyds Banking Group,EU,EUR,Banks,,United Kingdom,STOXX600,2026-05-22,LLOY.L,GBP
LLY,Lilly (Eli),US,USD,Health Care,Pharmaceuticals,"Indianapolis, Indiana",SP500,2026-05-22,LLY,USD
LMT,Lockheed Martin,US,USD,Industrials,Aerospace & Defense,"Bethesda, Maryland",SP500,2026-05-22,LMT,USD
LNT,Alliant Energy,US,USD,Utilities,Electric Utilities,"Madison, Wisconsin",SP500,2026-05-22,LNT,USD
LOGN,Logitech,EU,EUR,Technology,,Switzerland,STOXX600,2026-05-22,LOGN.SW,CHF
LONN,Lonza Group,EU,EUR,Health Care,,Switzerland,STOXX600,2026-05-22,LONN.SW,CHF
LOW,Lowe's,US,USD,Consumer Discretionary,Home Improvement Retail,"Mooresville, North Carolina",SP500,2026-05-22,LOW,USD
LPP,LPP,EU,EUR,Consumer Products and Services,,Poland,STOXX600,2026-05-22,LPP.WA,PLN
LRCX,Lam Research,US,USD,Information Technology,Semiconductor Materials & Equipment,"Fremont, California",SP500,2026-05-22,LRCX,USD
LSEG,London Stock Exchange Group,EU,EUR,Financial Services,,United Kingdom,STOXX600,2026-05-22,LSEG.L,GBP
LSG,Lerøy Seafood,EU,EUR,"Food, Beverage and Tobacco",,Norway,STOXX600,2026-05-22,LSG.OL,NOK
LULU,Lululemon Athletica,US,USD,Consumer Discretionary,"Apparel, Accessories & Luxury Goods","Vancouver, Canada",SP500,2026-05-22,LULU,USD
LUMI,Lumibird,EU,EUR,Technology,,France,STOXX600,2026-05-22,LUMI.PA,EUR
LUN,Lundin Energy,EU,EUR,Energy,,Sweden,STOXX600,2026-05-22,LUN.ST,SEK
LUV,Southwest Airlines,US,USD,Industrials,Passenger Airlines,"Dallas, Texas",SP500,2026-05-22,LUV,USD
LVS,Las Vegas Sands,US,USD,Consumer Discretionary,Casinos & Gaming,"Las Vegas, Nevada",SP500,2026-05-22,LVS,USD
LXS,Lanxess,EU,EUR,Chemicals,,Germany,STOXX600,2026-05-22,LXS.DE,EUR
LYB,LyondellBasell,US,USD,Materials,Specialty Chemicals,"Rotterdam, Netherlands",SP500,2026-05-22,LYB,USD
LYV,Live Nation Entertainment,US,USD,Communication Services,Movies & Entertainment,"Beverly Hills, California",SP500,2026-05-22,LYV,USD
MA,Mastercard,US,USD,Financials,Transaction & Payment Processing Services,"Harrison, New York",SP500,2026-05-22,MA,USD
MAA,Mid-America Apartment Communities,US,USD,Real Estate,Multi-Family Residential REITs,"Memphis, Tennessee",SP500,2026-05-22,MAA,USD
MAERSK B,Maersk,EU,EUR,Industrial Goods and Services,,Denmark,STOXX600,2026-05-22,MAERSK-B.CO,DKK
MAN,MAN SE,EU,EUR,Industrial Goods and Services,,Germany,STOXX600,2026-05-22,MAN.DE,EUR
MAR,Marriott International,US,USD,Consumer Discretionary,"Hotels, Resorts & Cruise Lines","Bethesda, Maryland",SP500,2026-05-22,MAR,USD
MAS,Masco,US,USD,Industrials,Building Products,"Livonia, Michigan",SP500,2026-05-22,MAS,USD
MB,Mediobanca,EU,EUR,Financial Services,,Italy,STOXX600,2026-05-22,MB.MI,EUR
MBG,Mercedes-Benz Group,EU,EUR,Automobiles and Parts,,Germany,STOXX600,2026-05-22,MBG.DE,EUR
MC,LVMH,EU,EUR,Consumer Products and Services,,France,STOXX600,2026-05-22,MC.PA,EUR
MCD,McDonald's,US,USD,Consumer Discretionary,Restaurants,"Chicago, Illinois",SP500,2026-05-22,MCD,USD
MCG,Mobico Group,EU,EUR,Travel and Leisure,,United Kingdom,STOXX600,2026-05-22,MCG.L,GBP
MCHP,Microchip Technology,US,USD,Information Technology,Semiconductors,"Chandler, Arizona",SP500,2026-05-22,MCHP,USD
MCK,McKesson Corporation,US,USD,Health Care,Health Care Distributors,"Irving, Texas",SP500,2026-05-22,MCK,USD
MCO,Moody's Corporation,US,USD,Financials,Financial Exchanges & Data,"New York City, New York",SP500,2026-05-22,MCO,USD
MDLZ,Mondelez International,US,USD,Consumer Staples,Packaged Foods & Meats,"Chicago, Illinois",SP500,2026-05-22,MDLZ,USD
MDT,Medtronic,US,USD,Health Care,Health Care Equipment,"Galway, Ireland",SP500,2026-05-22,MDT,USD
MEL,Meliá Hotels,EU,EUR,Travel and Leisure,,Spain,STOXX600,2026-05-22,MEL.MC,EUR
MELE,Melexis,EU,EUR,Technology,,Belgium,STOXX600,2026-05-22,MELE.BR,EUR
MET,MetLife,US,USD,Financials,Life & Health Insurance,"New York City, New York",SP500,2026-05-22,MET,USD
META,Meta Platforms,US,USD,Communication Services,Interactive Media & Services,"Menlo Park, California",SP500,2026-05-22,META,USD
METSO,Metso,EU,EUR,Industrial Goods and Services,,Finland,STOXX600,2026-05-22,METSO.HE,EUR
MGG,M&G,EU,EUR,Financial Services,,United Kingdom,STOXX600,2026-05-22,MGG.L,GBP
MGM,MGM Resorts,US,USD,Consumer Discretionary,Casinos & Gaming,"Paradise, Nevada",SP500,2026-05-22,MGM,USD
MICP,Michelin,EU,EUR,Automobiles and Parts,,France,STOXX600,2026-05-22,MICP.PA,EUR
MKC,McCormick & Company,US,USD,Consumer Staples,Packaged Foods & Meats,"Hunt Valley, Maryland",SP500,2026-05-22,MKC,USD
MKS,Marks & Spencer,EU,EUR,Retail,,United Kingdom,STOXX600,2026-05-22,MKS.L,GBP
MLM,Martin Marietta Materials,US,USD,Materials,Construction Materials,"Raleigh, North Carolina",SP500,2026-05-22,MLM,USD
MMM,3M,US,USD,Industrials,Industrial Conglomerates,"Saint Paul, Minnesota",SP500,2026-05-22,MMM,USD
MNDI,Mondi,EU,EUR,Industrial Goods and Services,,United Kingdom,STOXX600,2026-05-22,MNDI.L,GBP
MNG,M&G,EU,EUR,Financial Services,,United Kingdom,STOXX600,2026-05-22,MNG.L,GBP
MNST,Monster Beverage,US,USD,Consumer Staples,Soft Drinks & Non-alcoholic Beverages,"Corona, California",SP500,2026-05-22,MNST,USD
MO,Altria,US,USD,Consumer Staples,Tobacco,"Richmond, Virginia",SP500,2026-05-22,MO,USD
MONC,Moncler,EU,EUR,Consumer Products and Services,,Italy,STOXX600,2026-05-22,MONC.MI,EUR
MONY,Moneysupermarket.com,EU,EUR,Media,,United Kingdom,STOXX600,2026-05-22,MONY.L,GBP
MOR,MorphoSys,EU,EUR,Health Care,,Germany,STOXX600,2026-05-22,MOR.DE,EUR
MOS,Mosaic Company (The),US,USD,Materials,Fertilizers & Agricultural Chemicals,"Tampa, Florida",SP500,2026-05-22,MOS,USD
MPC,Marathon Petroleum,US,USD,Energy,Oil & Gas Refining & Marketing,"Findlay, Ohio",SP500,2026-05-22,MPC,USD
MPWR,Monolithic Power Systems,US,USD,Information Technology,Semiconductors,"Kirkland, Washington",SP500,2026-05-22,MPWR,USD
MRK,Merck & Co.,US,USD,Health Care,Pharmaceuticals,"Kenilworth, New Jersey",SP500,2026-05-22,MRK,USD
MRL,Merlin Properties,EU,EUR,Real Estate,,Spain,STOXX600,2026-05-22,MRL.MC,EUR
MRNA,Moderna,US,USD,Health Care,Biotechnology,"Cambridge, Massachusetts",SP500,2026-05-22,MRNA,USD
MRSH,Marsh McLennan,US,USD,Financials,Insurance Brokers,"New York City, New York",SP500,2026-05-22,MRSH,USD
MRW,Morrisons,EU,EUR,Retail,,United Kingdom,STOXX600,2026-05-22,MRW.L,GBP
MS,Morgan Stanley,US,USD,Financials,Investment Banking & Brokerage,"New York City, New York",SP500,2026-05-22,MS,USD
MSCI,MSCI Inc.,US,USD,Financials,Financial Exchanges & Data,"New York City, New York",SP500,2026-05-22,MSCI,USD
MSFT,Microsoft,US,USD,Information Technology,Systems Software,"Redmond, Washington",SP500,2026-05-22,MSFT,USD
MSI,Motorola Solutions,US,USD,Information Technology,Communications Equipment,"Chicago, Illinois",SP500,2026-05-22,MSI,USD
MT,ArcelorMittal,EU,EUR,Basic Resources,,Luxembourg,STOXX600,2026-05-22,MT.LU,EUR
MTB,M&T Bank,US,USD,Financials,Regional Banks,"Buffalo, New York",SP500,2026-05-22,MTB,USD
MTD,Mettler Toledo,US,USD,Health Care,Life Sciences Tools & Services,"Columbus, Ohio",SP500,2026-05-22,MTD,USD
MTX,MTU Aero Engines,EU,EUR,Industrial Goods and Services,,Germany,STOXX600,2026-05-22,MTX.DE,EUR
MU,Micron Technology,US,USD,Information Technology,Semiconductors,"Boise, Idaho",SP500,2026-05-22,MU,USD
MUV2,Munich Re,EU,EUR,Insurance,,Germany,STOXX600,2026-05-22,MUV2.DE,EUR
NAB,National Bank of Greece,EU,EUR,Banks,,Greece,STOXX600,2026-05-22,NAB.AT,EUR
NCLH,Norwegian Cruise Line Holdings,US,USD,Consumer Discretionary,"Hotels, Resorts & Cruise Lines","Miami-Dade County, Florida[4]",SP500,2026-05-22,NCLH,USD
NDA FI,Nordea,EU,EUR,Banks,,Finland,STOXX600,2026-05-22,NDA-FI.HE,EUR
NDA SE,Nordea,EU,EUR,Banks,,Finland,STOXX600,2026-05-22,NDA-SE.HE,EUR
NDAQ,"Nasdaq, Inc.",US,USD,Financials,Financial Exchanges & Data,"New York City, New York",SP500,2026-05-22,NDAQ,USD
NDSN,Nordson Corporation,US,USD,Industrials,Industrial Machinery & Supplies & Components,"Westlake, Ohio",SP500,2026-05-22,NDSN,USD
NEE,NextEra Energy,US,USD,Utilities,Multi-Utilities,"Juno Beach, Florida",SP500,2026-05-22,NEE,USD
NEM,Newmont,US,USD,Materials,Gold,"Denver, Colorado",SP500,2026-05-22,NEM,USD
NEOEN,Neoen,EU,EUR,Utilities,,France,STOXX600,2026-05-22,NEOEN.PA,EUR
NESN,Nestlé,EU,EUR,"Food, Beverage and Tobacco",,Switzerland,STOXX600,2026-05-22,NESN.SW,CHF
NEX,Nexans,EU,EUR,Industrial Goods and Services,,France,STOXX600,2026-05-22,NEX.PA,EUR
NEXI,Nexi,EU,EUR,Industrial Goods and Services,,Italy,STOXX600,2026-05-22,NEXI.MI,EUR
NFLX,Netflix,US,USD,Communication Services,Movies & Entertainment,"Los Gatos, California",SP500,2026-05-22,NFLX,USD
NG,National Grid,EU,EUR,Utilities,,United Kingdom,STOXX600,2026-05-22,NG.L,GBP
NGG,National Grid,EU,EUR,Utilities,,United Kingdom,STOXX600,2026-05-22,NGG.L,GBP
NHY,Norsk Hydro,EU,EUR,Basic Resources,,Norway,STOXX600,2026-05-22,NHY.OL,NOK
NI,NiSource,US,USD,Utilities,Multi-Utilities,"Merrillville, Indiana",SP500,2026-05-22,NI,USD
NIBE B,Nibe Industrier,EU,EUR,Construction and Materials,,Sweden,STOXX600,2026-05-22,NIBE-B.ST,SEK
NKE,"Nike, Inc.",US,USD,Consumer Discretionary,"Apparel, Accessories & Luxury Goods","Washington County, Oregon",SP500,2026-05-22,NKE,USD
NN,NN Group,EU,EUR,Insurance,,Netherlands,STOXX600,2026-05-22,NN.AS,EUR
NOC,Northrop Grumman,US,USD,Industrials,Aerospace & Defense,"West Falls Church, Virginia[3]",SP500,2026-05-22,NOC,USD
NOKIA,Nokia,EU,EUR,Technology,,Finland,STOXX600,2026-05-22,NOKIA.HE,EUR
NOV N,Novartis,EU,EUR,Health Care,,Switzerland,STOXX600,2026-05-22,NOV-N.SW,CHF
NOVO B,Novo Nordisk,EU,EUR,Health Care,,Denmark,STOXX600,2026-05-22,NOVO-B.CO,DKK
NOW,ServiceNow,US,USD,Information Technology,Systems Software,"Santa Clara, California",SP500,2026-05-22,NOW,USD
NRG,NRG Energy,US,USD,Utilities,Independent Power Producers & Energy Traders,"Houston, Texas",SP500,2026-05-22,NRG,USD
NSC,Norfolk Southern,US,USD,Industrials,Rail Transportation,"Atlanta, Georgia",SP500,2026-05-22,NSC,USD
NSN,Neste,EU,EUR,Energy,,Finland,STOXX600,2026-05-22,NSN.HE,EUR
NTAP,NetApp,US,USD,Information Technology,"Technology Hardware, Storage & Peripherals","San Jose, California",SP500,2026-05-22,NTAP,USD
NTGY,Naturgy,EU,EUR,Utilities,,Spain,STOXX600,2026-05-22,NTGY.MC,EUR
NTRS,Northern Trust,US,USD,Financials,Asset Management & Custody Banks,"Chicago, Illinois",SP500,2026-05-22,NTRS,USD
NUE,Nucor,US,USD,Materials,Steel,"Charlotte, North Carolina",SP500,2026-05-22,NUE,USD
NVDA,Nvidia,US,USD,Information Technology,Semiconductors,"Santa Clara, California",SP500,2026-05-22,NVDA,USD
NVR,"NVR, Inc.",US,USD,Consumer Discretionary,Homebuilding,"Reston, Virginia",SP500,2026-05-22,NVR,USD
NWG,NatWest Group,EU,EUR,Banks,,United Kingdom,STOXX600,2026-05-22,NWG.L,GBP
NWS,News Corp (Class B),US,USD,Communication Services,Publishing,"New York City, New York",SP500,2026-05-22,NWS,USD
NWSA,News Corp (Class A),US,USD,Communication Services,Publishing,"New York City, New York",SP500,2026-05-22,NWSA,USD
NXPI,NXP Semiconductors,US,USD,Information Technology,Semiconductors,"Eindhoven, Netherlands",SP500,2026-05-22,NXPI,USD
NXT,Next plc,EU,EUR,Retail,,United Kingdom,STOXX600,2026-05-22,NXT.L,GBP
O,Realty Income,US,USD,Real Estate,Retail REITs,"San Diego, California",SP500,2026-05-22,O,USD
OCDO,Ocado,EU,EUR,Retail,,United Kingdom,STOXX600,2026-05-22,OCDO.L,GBP
OCI,OCI,EU,EUR,Chemicals,,Netherlands,STOXX600,2026-05-22,OCI.AS,EUR
ODFL,Old Dominion,US,USD,Industrials,Cargo Ground Transportation,"Thomasville, North Carolina",SP500,2026-05-22,ODFL,USD
OERL,Oerlikon,EU,EUR,Industrial Goods and Services,,Switzerland,STOXX600,2026-05-22,OERL.SW,CHF
OKE,Oneok,US,USD,Energy,Oil & Gas Storage & Transportation,"Tulsa, Oklahoma",SP500,2026-05-22,OKE,USD
OMC,Omnicom Group,US,USD,Communication Services,Advertising,"New York City, New York",SP500,2026-05-22,OMC,USD
OMV,OMV,EU,EUR,Energy,,Austria,STOXX600,2026-05-22,OMV.VI,EUR
ON,ON Semiconductor,US,USD,Information Technology,Semiconductors,"Phoenix, Arizona",SP500,2026-05-22,ON,USD
ONT,Ontex,EU,EUR,"Personal Care, Drug and Grocery Stores",,Belgium,STOXX600,2026-05-22,ONT.BR,EUR
OR,L'Oréal,EU,EUR,"Personal Care, Drug and Grocery Stores",,France,STOXX600,2026-05-22,OR.PA,EUR
ORA,Orange S.A.,EU,EUR,Telecommunications,,France,STOXX600,2026-05-22,ORA.PA,EUR
ORAN,Orange S.A.,EU,EUR,Telecommunications,,France,STOXX600,2026-05-22,ORAN.PA,EUR
ORCL,Oracle Corporation,US,USD,Information Technology,Application Software,"Austin, Texas",SP500,2026-05-22,ORCL,USD
OREP,L'Oréal,EU,EUR,Consumer Products and Services,,France,STOXX600,2026-05-22,OREP.PA,EUR
ORK,Orkla ASA,EU,EUR,"Food, Beverage and Tobacco",,Norway,STOXX600,2026-05-22,ORK.OL,NOK
ORLY,O’Reilly Automotive,US,USD,Consumer Discretionary,Automotive Retail,"Springfield, Missouri",SP500,2026-05-22,ORLY,USD
ORSTED,Ørsted,EU,EUR,Utilities,,Denmark,STOXX600,2026-05-22,ORSTED.CO,DKK
OTIS,Otis Worldwide,US,USD,Industrials,Industrial Machinery & Supplies & Components,"Farmington, Connecticut",SP500,2026-05-22,OTIS,USD
OXY,Occidental Petroleum,US,USD,Energy,Oil & Gas Exploration & Production,"Houston, Texas",SP500,2026-05-22,OXY,USD
P911,Porsche,EU,EUR,Automobiles and Parts,,Germany,STOXX600,2026-05-22,P911.DE,EUR
PAH3,Porsche SE,EU,EUR,Automobiles and Parts,,Germany,STOXX600,2026-05-22,PAH3.DE,EUR
PANDORA,Pandora,EU,EUR,Consumer Products and Services,,Denmark,STOXX600,2026-05-22,PANDORA.CO,DKK
PANW,Palo Alto Networks,US,USD,Information Technology,Systems Software,"Santa Clara, California",SP500,2026-05-22,PANW,USD
PAYX,Paychex,US,USD,Industrials,Human Resource & Employment Services,"Penfield, New York",SP500,2026-05-22,PAYX,USD
PBB,Deutsche Pfandbriefbank,EU,EUR,Banks,,Germany,STOXX600,2026-05-22,PBB.DE,EUR
PCAR,Paccar,US,USD,Industrials,Construction Machinery & Heavy Transportation Equipment,"Bellevue, Washington",SP500,2026-05-22,PCAR,USD
PCG,PG&E Corporation,US,USD,Utilities,Multi-Utilities,"Oakland, California",SP500,2026-05-22,PCG,USD
PEG,Public Service Enterprise Group,US,USD,Utilities,Electric Utilities,"Newark, New Jersey",SP500,2026-05-22,PEG,USD
PEP,PepsiCo,US,USD,Consumer Staples,Soft Drinks & Non-alcoholic Beverages,"Purchase, New York",SP500,2026-05-22,PEP,USD
PERP,Pernod Ricard,EU,EUR,"Food, Beverage and Tobacco",,France,STOXX600,2026-05-22,PERP.PA,EUR
PFE,Pfizer,US,USD,Health Care,Pharmaceuticals,"New York City, New York",SP500,2026-05-22,PFE,USD
PFG,Principal Financial Group,US,USD,Financials,Life & Health Insurance,"Des Moines, Iowa",SP500,2026-05-22,PFG,USD
PG,Procter & Gamble,US,USD,Consumer Staples,Personal Care Products,"Cincinnati, Ohio",SP500,2026-05-22,PG,USD
PGHN,Partners Group,EU,EUR,Financial Services,,Switzerland,STOXX600,2026-05-22,PGHN.SW,CHF
PGR,Progressive Corporation,US,USD,Financials,Property & Casualty Insurance,"Mayfield Village, Ohio",SP500,2026-05-22,PGR,USD
PH,Parker Hannifin,US,USD,Industrials,Industrial Machinery & Supplies & Components,"Cleveland, Ohio",SP500,2026-05-22,PH,USD
PHM,PulteGroup,US,USD,Consumer Discretionary,Homebuilding,"Atlanta, Georgia",SP500,2026-05-22,PHM,USD
PHNX,Phoenix Group,EU,EUR,Insurance,,United Kingdom,STOXX600,2026-05-22,PHNX.L,GBP
PIRC,Pirelli,EU,EUR,Automobiles and Parts,,Italy,STOXX600,2026-05-22,PIRC.MI,EUR
PKG,Packaging Corporation of America,US,USD,Materials,Paper & Plastic Packaging Products & Materials,"Lake Forest, Illinois",SP500,2026-05-22,PKG,USD
PLD,Prologis,US,USD,Real Estate,Industrial REITs,"San Francisco, California",SP500,2026-05-22,PLD,USD
PLPH,PolyPeptide,EU,EUR,Health Care,,Switzerland,STOXX600,2026-05-22,PLPH.SW,CHF
PLTR,Palantir Technologies,US,USD,Information Technology,Application Software,"Aventura, Florida",SP500,2026-05-22,PLTR,USD
PM,Philip Morris International,US,USD,Consumer Staples,Tobacco,"New York City, New York",SP500,2026-05-22,PM,USD
PNC,PNC Financial Services,US,USD,Financials,Diversified Banks,"Pittsburgh, Pennsylvania",SP500,2026-05-22,PNC,USD
PNL,PostNL,EU,EUR,Industrial Goods and Services,,Netherlands,STOXX600,2026-05-22,PNL.AS,EUR
PNN,Pennon Group,EU,EUR,Utilities,,United Kingdom,STOXX600,2026-05-22,PNN.L,GBP
PNR,Pentair,US,USD,Industrials,Industrial Machinery & Supplies & Components,"Worsley, United Kingdom",SP500,2026-05-22,PNR,USD
PNW,Pinnacle West Capital,US,USD,Utilities,Multi-Utilities,"Phoenix, Arizona",SP500,2026-05-22,PNW,USD
PODD,Insulet Corporation,US,USD,Health Care,Health Care Equipment,"Acton, Massachusetts",SP500,2026-05-22,PODD,USD
POOL,Pool Corporation,US,USD,Consumer Discretionary,Distributors,"Covington, Louisiana",SP500,2026-05-22,POOL,USD
PPG,PPG Industries,US,USD,Materials,Specialty Chemicals,"Pittsburgh, Pennsylvania",SP500,2026-05-22,PPG,USD
PPL,PPL Corporation,US,USD,Utilities,Electric Utilities,"Allentown, Pennsylvania",SP500,2026-05-22,PPL,USD
PROX,Proximus,EU,EUR,Telecommunications,,Belgium,STOXX600,2026-05-22,PROX.BR,EUR
PRU,Prudential Financial,US,USD,Financials,Life & Health Insurance,"Newark, New Jersey",SP500,2026-05-22,PRU,USD
PRY,Prysmian,EU,EUR,Industrial Goods and Services,,Italy,STOXX600,2026-05-22,PRY.MI,EUR
PSA,Public Storage,US,USD,Real Estate,Self-Storage REITs,"Glendale, California",SP500,2026-05-22,PSA,USD
PSKY,Paramount Skydance Corporation,US,USD,Communication Services,Movies & Entertainment,"Los Angeles, California",SP500,2026-05-22,PSKY,USD
PSN,Persimmon plc,EU,EUR,Consumer Products and Services,,United Kingdom,STOXX600,2026-05-22,PSN.L,GBP
PSON,Pearson,EU,EUR,Media,,United Kingdom,STOXX600,2026-05-22,PSON.L,GBP
PST,Poste Italiane,EU,EUR,Insurance,,Italy,STOXX600,2026-05-22,PST.MI,EUR
PSX,Phillips 66,US,USD,Energy,Oil & Gas Refining & Marketing,"Houston, Texas",SP500,2026-05-22,PSX,USD
PTC,PTC Inc.,US,USD,Information Technology,Application Software,"Boston, Massachusetts",SP500,2026-05-22,PTC,USD
PUM,Puma,EU,EUR,Consumer Products and Services,,Germany,STOXX600,2026-05-22,PUM.DE,EUR
PWR,Quanta Services,US,USD,Industrials,Construction & Engineering,"Houston, Texas",SP500,2026-05-22,PWR,USD
PYPL,PayPal,US,USD,Financials,Transaction & Payment Processing Services,"San Jose, California",SP500,2026-05-22,PYPL,USD
Q,Qnity Electronics,US,USD,Information Technology,Semiconductor Materials & Equipment,"Wilmington, Delaware",SP500,2026-05-22,Q,USD
QCOM,Qualcomm,US,USD,Information Technology,Semiconductors,"San Diego, California",SP500,2026-05-22,QCOM,USD
QIA,Qiagen,EU,EUR,Health Care,,Netherlands,STOXX600,2026-05-22,QIA.AS,EUR
QLT,Quilter,EU,EUR,Financial Services,,United Kingdom,STOXX600,2026-05-22,QLT.L,GBP
RBI,Raiffeisen Bank International,EU,EUR,Banks,,Austria,STOXX600,2026-05-22,RBI.VI,EUR
RCL,Royal Caribbean Group,US,USD,Consumer Discretionary,"Hotels, Resorts & Cruise Lines","Miami, Florida",SP500,2026-05-22,RCL,USD
RCO,Rémy Cointreau,EU,EUR,"Food, Beverage and Tobacco",,France,STOXX600,2026-05-22,RCO.PA,EUR
REC,Recordati,EU,EUR,Health Care,,Italy,STOXX600,2026-05-22,REC.MI,EUR
RED,Redeia,EU,EUR,Utilities,,Spain,STOXX600,2026-05-22,RED.MC,EUR
REG,Regency Centers,US,USD,Real Estate,Retail REITs,"Jacksonville, Florida",SP500,2026-05-22,REG,USD
REGN,Regeneron Pharmaceuticals,US,USD,Health Care,Biotechnology,"Tarrytown, New York",SP500,2026-05-22,REGN,USD
REL,RELX,EU,EUR,Media,,United Kingdom,STOXX600,2026-05-22,REL.L,GBP
RENA,Renault,EU,EUR,Automobiles and Parts,,France,STOXX600,2026-05-22,RENA.PA,EUR
REP,Repsol,EU,EUR,Energy,,Spain,STOXX600,2026-05-22,REP.MC,EUR
RF,Regions Financial Corporation,US,USD,Financials,Regional Banks,"Birmingham, Alabama",SP500,2026-05-22,RF,USD
RHM,Rheinmetall,EU,EUR,Industrial Goods and Services,,Germany,STOXX600,2026-05-22,RHM.DE,EUR
RIGN,Transocean,EU,EUR,Energy,,Switzerland,STOXX600,2026-05-22,RIGN.SW,CHF
RIO,Rio Tinto Group,EU,EUR,Basic Resources,,United Kingdom,STOXX600,2026-05-22,RIO.L,GBP
RJF,Raymond James Financial,US,USD,Financials,Investment Banking & Brokerage,"St. Petersburg, Florida",SP500,2026-05-22,RJF,USD
RKT,Reckitt,EU,EUR,"Personal Care, Drug and Grocery Stores",,United Kingdom,STOXX600,2026-05-22,RKT.L,GBP
RL,Ralph Lauren Corporation,US,USD,Consumer Discretionary,"Apparel, Accessories & Luxury Goods","New York City, New York",SP500,2026-05-22,RL,USD
RMD,ResMed,US,USD,Health Care,Health Care Equipment,"San Diego, California",SP500,2026-05-22,RMD,USD
RMS,Hermès,EU,EUR,Consumer Products and Services,,France,STOXX600,2026-05-22,RMS.PA,EUR
RMV,Rightmove,EU,EUR,Real Estate,,United Kingdom,STOXX600,2026-05-22,RMV.L,GBP
RNL,Renault,EU,EUR,Automobiles and Parts,,France,STOXX600,2026-05-22,RNL.PA,EUR
ROG,Roche Holding,EU,EUR,Health Care,,Switzerland,STOXX600,2026-05-22,ROG.SW,CHF
ROK,Rockwell Automation,US,USD,Industrials,Electrical Components & Equipment,"Milwaukee, Wisconsin",SP500,2026-05-22,ROK,USD
ROL,"Rollins, Inc.",US,USD,Industrials,Environmental & Facilities Services,"Atlanta, Georgia",SP500,2026-05-22,ROL,USD
ROP,Roper Technologies,US,USD,Information Technology,Electronic Equipment & Instruments,"Sarasota, Florida",SP500,2026-05-22,ROP,USD
ROST,Ross Stores,US,USD,Consumer Discretionary,Apparel Retail,"Dublin, California",SP500,2026-05-22,ROST,USD
RR,Rolls-Royce Holdings,EU,EUR,Industrial Goods and Services,,United Kingdom,STOXX600,2026-05-22,RR.L,GBP
RR.,Rolls-Royce,EU,EUR,Industrial Goods and Services,,United Kingdom,STOXX600,2026-05-22,RR.,EUR
RSG,Republic Services,US,USD,Industrials,Environmental & Facilities Services,"Phoenix, Arizona",SP500,2026-05-22,RSG,USD
RTO,Rentokil Initial,EU,EUR,Industrial Goods and Services,,United Kingdom,STOXX600,2026-05-22,RTO.L,GBP
RTX,RTX Corporation,US,USD,Industrials,Aerospace & Defense,"Waltham, Massachusetts",SP500,2026-05-22,RTX,USD
RVTY,Revvity,US,USD,Health Care,Health Care Equipment,"Waltham, Massachusetts",SP500,2026-05-22,RVTY,USD
RWE,RWE,EU,EUR,Utilities,,Germany,STOXX600,2026-05-22,RWE.DE,EUR
RXL,Rexel,EU,EUR,Industrial Goods and Services,,France,STOXX600,2026-05-22,RXL.PA,EUR
S4,S4 Capital,EU,EUR,Media,,United Kingdom,STOXX600,2026-05-22,S4.L,GBP
SAB,Banco Sabadell,EU,EUR,Banks,,Spain,STOXX600,2026-05-22,SAB.MC,EUR
SAF,Safran,EU,EUR,Industrial Goods and Services,,France,STOXX600,2026-05-22,SAF.PA,EUR
SALM,SalMar,EU,EUR,"Food, Beverage and Tobacco",,Norway,STOXX600,2026-05-22,SALM.OL,NOK
SAMPO,Sampo Group,EU,EUR,Insurance,,Finland,STOXX600,2026-05-22,SAMPO.HE,EUR
SAN,Banco Santander,EU,EUR,Banks,,Spain,STOXX600,2026-05-22,SAN.MC,EUR
SAND,Sandvik AB,EU,EUR,Industrial Goods and Services,,Sweden,STOXX600,2026-05-22,SAND.ST,SEK
SANO,Sanoma,EU,EUR,Media,,Finland,STOXX600,2026-05-22,SANO.HE,EUR
SAP,SAP,EU,EUR,Technology,,Germany,STOXX600,2026-05-22,SAP,EUR
SASY,Sanofi,EU,EUR,Health Care,,France,STOXX600,2026-05-22,SASY.PA,EUR
SATS,EchoStar,US,USD,Communication Services,Wireless Telecommunication Services,"Englewood, Colorado",SP500,2026-05-22,SATS,USD
SBAC,SBA Communications,US,USD,Real Estate,Telecom Tower REITs,"Boca Raton, Florida",SP500,2026-05-22,SBAC,USD
SBRY,Sainsbury's,EU,EUR,"Personal Care, Drug and Grocery Stores",,United Kingdom,STOXX600,2026-05-22,SBRY.L,GBP
SBUX,Starbucks,US,USD,Consumer Discretionary,Restaurants,"Seattle, Washington",SP500,2026-05-22,SBUX,USD
SCHA,Schibsted,EU,EUR,Media,,Norway,STOXX600,2026-05-22,SCHA.OL,NOK
SCHN,Schneider Electric,EU,EUR,Industrial Goods and Services,,France,STOXX600,2026-05-22,SCHN.PA,EUR
SCHP,Schindler Group,EU,EUR,Industrial Goods and Services,,Switzerland,STOXX600,2026-05-22,SCHP.SW,CHF
SCHW,Charles Schwab Corporation,US,USD,Financials,Investment Banking & Brokerage,"Westlake, Texas",SP500,2026-05-22,SCHW,USD
SCMN,Swisscom,EU,EUR,Telecommunications,,Switzerland,STOXX600,2026-05-22,SCMN.SW,CHF
SCR,SCOR SE,EU,EUR,Insurance,,France,STOXX600,2026-05-22,SCR.PA,EUR
SCT,Softcat,EU,EUR,Technology,,United Kingdom,STOXX600,2026-05-22,SCT.L,GBP
SDR,Schroders,EU,EUR,Financial Services,,United Kingdom,STOXX600,2026-05-22,SDR.L,GBP
SDZ,Sandoz,EU,EUR,Health Care,,Switzerland,STOXX600,2026-05-22,SDZ.SW,CHF
SEB,Skandinaviska Enskilda Banken,EU,EUR,Banks,,Sweden,STOXX600,2026-05-22,SEB.ST,SEK
SECU B,Securitas AB,EU,EUR,Industrial Goods and Services,,Sweden,STOXX600,2026-05-22,SECU-B.ST,SEK
SGE,Sage Group,EU,EUR,Technology,,United Kingdom,STOXX600,2026-05-22,SGE.L,GBP
SGEF,Vinci SA,EU,EUR,Construction and Materials,,France,STOXX600,2026-05-22,SGEF.PA,EUR
SGO,Saint-Gobain,EU,EUR,Construction and Materials,,France,STOXX600,2026-05-22,SGO.PA,EUR
SGOB,Saint-Gobain,EU,EUR,Construction and Materials,,France,STOXX600,2026-05-22,SGOB.PA,EUR
SGRO,Segro,EU,EUR,Real Estate,,United Kingdom,STOXX600,2026-05-22,SGRO.L,GBP
SGSN,SGS S.A.,EU,EUR,Industrial Goods and Services,,Switzerland,STOXX600,2026-05-22,SGSN.SW,CHF
SHB B,Svenska Handelsbanken,EU,EUR,Banks,,Sweden,STOXX600,2026-05-22,SHB-B.ST,SEK
SHEL,Shell plc,EU,EUR,Energy,,United Kingdom,STOXX600,2026-05-22,SHEL.L,GBP
SHW,Sherwin-Williams,US,USD,Materials,Specialty Chemicals,"Cleveland, Ohio",SP500,2026-05-22,SHW,USD
SIE,Siemens,EU,EUR,Industrial Goods and Services,,Germany,STOXX600,2026-05-22,SIE.DE,EUR
SIG,SIG Group,EU,EUR,Industrial Goods and Services,,Switzerland,STOXX600,2026-05-22,SIG.SW,CHF
SIKA,Sika,EU,EUR,Construction and Materials,,Switzerland,STOXX600,2026-05-22,SIKA.SW,CHF
SIX2,Sixt,EU,EUR,Consumer Products and Services,,Germany,STOXX600,2026-05-22,SIX2.DE,EUR
SJM,J.M. Smucker Company (The),US,USD,Consumer Staples,Packaged Foods & Meats,"Orrville, Ohio",SP500,2026-05-22,SJM,USD
SKA B,Skanska,EU,EUR,Construction and Materials,,Sweden,STOXX600,2026-05-22,SKA-B.ST,SEK
SKF B,SKF,EU,EUR,Industrial Goods and Services,,Sweden,STOXX600,2026-05-22,SKF-B.ST,SEK
SKFb,SKF,EU,EUR,Industrial Goods and Services,,Sweden,STOXX600,2026-05-22,SKFb.ST,SEK
SKG,Smurfit Kappa,EU,EUR,Industrial Goods and Services,,Ireland,STOXX600,2026-05-22,SKG.IR,EUR
SKY,Sky Group,EU,EUR,Media,,United Kingdom,STOXX600,2026-05-22,SKY.L,GBP
SLB,Schlumberger,US,USD,Energy,Oil & Gas Equipment & Services,"Houston, Texas",SP500,2026-05-22,SLB,USD
SLHN,Swiss Life,EU,EUR,Insurance,,Switzerland,STOXX600,2026-05-22,SLHN.SW,CHF
SMCI,Supermicro,US,USD,Information Technology,"Technology Hardware, Storage & Peripherals","San Jose, California",SP500,2026-05-22,SMCI,USD
SMDS,DS Smith,EU,EUR,Industrial Goods and Services,,United Kingdom,STOXX600,2026-05-22,SMDS.L,GBP
SMIN,Smiths Group,EU,EUR,Industrial Goods and Services,,United Kingdom,STOXX600,2026-05-22,SMIN.L,GBP
SMT,Scottish Mortgage Investment Trust,EU,EUR,Financial Services,,United Kingdom,STOXX600,2026-05-22,SMT.L,GBP
SN,Smith & Nephew,EU,EUR,Health Care,,United Kingdom,STOXX600,2026-05-22,SN.L,GBP
SN.,Smith & Nephew,EU,EUR,Health Care,,United Kingdom,STOXX600,2026-05-22,SN.,EUR
SNA,Snap-on,US,USD,Industrials,Industrial Machinery & Supplies & Components,"Kenosha, Wisconsin",SP500,2026-05-22,SNA,USD
SNDK,Sandisk,US,USD,Information Technology,"Technology Hardware, Storage & Peripherals","Milpitas, California",SP500,2026-05-22,SNDK,USD
SNPS,Synopsys,US,USD,Information Technology,Application Software,"Sunnyvale, California",SP500,2026-05-22,SNPS,USD
SNY,Sanofi,EU,EUR,Health Care,,France,STOXX600,2026-05-22,SNY.PA,EUR
SO,Southern Company,US,USD,Utilities,Electric Utilities,"Atlanta, Georgia",SP500,2026-05-22,SO,USD
SOGN,Société Générale,EU,EUR,Banks,,France,STOXX600,2026-05-22,SOGN.PA,EUR
SOLB,Solvay,EU,EUR,Chemicals,,Belgium,STOXX600,2026-05-22,SOLB.BR,EUR
SOLV,Solventum,US,USD,Health Care,Health Care Technology,"Saint Paul, Minnesota",SP500,2026-05-22,SOLV,USD
SON,Sonova,EU,EUR,Health Care,,Switzerland,STOXX600,2026-05-22,SON.SW,CHF
SOON,Sonova,EU,EUR,Health Care,,Switzerland,STOXX600,2026-05-22,SOON.SW,CHF
SOW,Software,EU,EUR,Technology,,Germany,STOXX600,2026-05-22,SOW.DE,EUR
SPG,Simon Property Group,US,USD,Real Estate,Retail REITs,"Indianapolis, Indiana",SP500,2026-05-22,SPG,USD
SPGI,S&P Global,US,USD,Financials,Financial Exchanges & Data,"New York City, New York",SP500,2026-05-22,SPGI,USD
SPSN,Swiss Prime Site,EU,EUR,Real Estate,,Switzerland,STOXX600,2026-05-22,SPSN.SW,CHF
SPX,Spirax-Sarco Engineering,EU,EUR,Industrial Goods and Services,,United Kingdom,STOXX600,2026-05-22,SPX.L,GBP
SRB,Storebrand,EU,EUR,Insurance,,Norway,STOXX600,2026-05-22,SRB.OL,NOK
SRE,Sempra,US,USD,Utilities,Multi-Utilities,"San Diego, California",SP500,2026-05-22,SRE,USD
SRENH,Swiss Re,EU,EUR,Insurance,,Switzerland,STOXX600,2026-05-22,SRENH.SW,CHF
SRG,Snam,EU,EUR,Energy,,Italy,STOXX600,2026-05-22,SRG.MI,EUR
SRT3,Sartorius,EU,EUR,Health Care,,Germany,STOXX600,2026-05-22,SRT3.DE,EUR
SSE,SSE plc,EU,EUR,Utilities,,United Kingdom,STOXX600,2026-05-22,SSE.L,GBP
STAN,Standard Chartered,EU,EUR,Banks,,United Kingdom,STOXX600,2026-05-22,STAN.L,GBP
STE,Steris,US,USD,Health Care,Health Care Equipment,"Dublin, Ireland",SP500,2026-05-22,STE,USD
STER,Stora Enso,EU,EUR,Basic Resources,,Finland,STOXX600,2026-05-22,STER.HE,EUR
STJ,St. James's Place,EU,EUR,Financial Services,,United Kingdom,STOXX600,2026-05-22,STJ.L,GBP
STLAM,Stellantis,EU,EUR,Automobiles and Parts,,Netherlands,STOXX600,2026-05-22,STLAM.AS,EUR
STLD,Steel Dynamics,US,USD,Materials,Steel,"Fort Wayne, Indiana",SP500,2026-05-22,STLD,USD
STMN,Straumann,EU,EUR,Health Care,,Switzerland,STOXX600,2026-05-22,STMN.SW,CHF
STMPA,STMicroelectronics,EU,EUR,Technology,,Netherlands,STOXX600,2026-05-22,STMPA.AS,EUR
STT,State Street Corporation,US,USD,Financials,Asset Management & Custody Banks,"Boston, Massachusetts",SP500,2026-05-22,STT,USD
STX,Seagate Technology,US,USD,Information Technology,"Technology Hardware, Storage & Peripherals","Dublin, Ireland",SP500,2026-05-22,STX,USD
STZ,Constellation Brands,US,USD,Consumer Staples,Distillers & Vintners,"Rochester, New York",SP500,2026-05-22,STZ,USD
SU,Schneider Electric,EU,EUR,Industrial Goods and Services,,France,STOXX600,2026-05-22,SU.PA,EUR
SVT,Severn Trent,EU,EUR,Utilities,,United Kingdom,STOXX600,2026-05-22,SVT.L,GBP
SW,Smurfit Westrock,US,USD,Materials,Paper & Plastic Packaging Products & Materials,"Dublin, Ireland",SP500,2026-05-22,SW,USD
SWECO B,Sweco,EU,EUR,Construction and Materials,,Sweden,STOXX600,2026-05-22,SWECO-B.ST,SEK
SWED A,Swedbank,EU,EUR,Banks,,Sweden,STOXX600,2026-05-22,SWED-A.ST,SEK
SWK,Stanley Black & Decker,US,USD,Industrials,Industrial Machinery & Supplies & Components,"New Britain, Connecticut",SP500,2026-05-22,SWK,USD
SWKS,Skyworks Solutions,US,USD,Information Technology,Semiconductors,"Irvine, California",SP500,2026-05-22,SWKS,USD
SWMA,Swedish Match,EU,EUR,"Food, Beverage and Tobacco",,Sweden,STOXX600,2026-05-22,SWMA.ST,SEK
SXS,Spectris,EU,EUR,Industrial Goods and Services,,United Kingdom,STOXX600,2026-05-22,SXS.L,GBP
SY1,Symrise,EU,EUR,Chemicals,,Germany,STOXX600,2026-05-22,SY1.DE,EUR
SYF,Synchrony Financial,US,USD,Financials,Consumer Finance,"Stamford, Connecticut",SP500,2026-05-22,SYF,USD
SYK,Stryker Corporation,US,USD,Health Care,Health Care Equipment,"Kalamazoo, Michigan",SP500,2026-05-22,SYK,USD
SYY,Sysco,US,USD,Consumer Staples,Food Distributors,"Houston, Texas",SP500,2026-05-22,SYY,USD
T,AT&T,US,USD,Communication Services,Integrated Telecommunication Services,"Dallas, Texas",SP500,2026-05-22,T,USD
TAP,Molson Coors Beverage Company,US,USD,Consumer Staples,Brewers,"Chicago, Illinois",SP500,2026-05-22,TAP,USD
TATE,Tate & Lyle,EU,EUR,"Food, Beverage and Tobacco",,United Kingdom,STOXX600,2026-05-22,TATE.L,GBP
TDG,TransDigm Group,US,USD,Industrials,Aerospace & Defense,"Cleveland, Ohio",SP500,2026-05-22,TDG,USD
TDY,Teledyne Technologies,US,USD,Information Technology,Electronic Equipment & Instruments,"Thousand Oaks, California",SP500,2026-05-22,TDY,USD
TECH,Bio-Techne,US,USD,Health Care,Life Sciences Tools & Services,"Minneapolis, Minnesota",SP500,2026-05-22,TECH,USD
TEF,Telefónica,EU,EUR,Telecommunications,,Spain,STOXX600,2026-05-22,TEF.MC,EUR
TEL,TE Connectivity,US,USD,Information Technology,Electronic Manufacturing Services,"Galway, Ireland",SP500,2026-05-22,TEL,USD
TEL2 B,Tele2,EU,EUR,Telecommunications,,Sweden,STOXX600,2026-05-22,TEL2-B.ST,SEK
TEL2b,Tele2,EU,EUR,Telecommunications,,Sweden,STOXX600,2026-05-22,TEL2b.ST,SEK
TELIA,Telia Company,EU,EUR,Telecommunications,,Sweden,STOXX600,2026-05-22,TELIA.ST,SEK
TEMN,Temenos Group,EU,EUR,Technology,,Switzerland,STOXX600,2026-05-22,TEMN.SW,CHF
TEN,Tenaris,EU,EUR,Energy,,Luxembourg,STOXX600,2026-05-22,TEN.LU,EUR
TEP,Teleperformance,EU,EUR,Industrial Goods and Services,,France,STOXX600,2026-05-22,TEP.PA,EUR
TER,Teradyne,US,USD,Information Technology,Semiconductor Materials & Equipment,"North Reading, Massachusetts",SP500,2026-05-22,TER,USD
TEV,Teva Pharmaceutical Industries,EU,EUR,Health Care,,Israel,STOXX600,2026-05-22,TEV.DE,EUR
TFC,Truist Financial,US,USD,Financials,Diversified Banks,"Charlotte, North Carolina",SP500,2026-05-22,TFC,USD
TGS,TGS,EU,EUR,Energy,,Norway,STOXX600,2026-05-22,TGS.OL,NOK
TGT,Target Corporation,US,USD,Consumer Staples,Consumer Staples Merchandise Retail,"Minneapolis, Minnesota",SP500,2026-05-22,TGT,USD
THL,Thales,EU,EUR,Industrial Goods and Services,,France,STOXX600,2026-05-22,THL.PA,EUR
TIGO,Millicom,EU,EUR,Telecommunications,,Sweden,STOXX600,2026-05-22,TIGO.ST,SEK
TIT,Telecom Italia,EU,EUR,Telecommunications,,Italy,STOXX600,2026-05-22,TIT.MI,EUR
TJW,Taylor Wimpey,EU,EUR,Consumer Products and Services,,United Kingdom,STOXX600,2026-05-22,TJW.L,GBP
TJX,TJX Companies,US,USD,Consumer Discretionary,Apparel Retail,"Framingham, Massachusetts",SP500,2026-05-22,TJX,USD
TKA,ThyssenKrupp,EU,EUR,Industrial Goods and Services,,Germany,STOXX600,2026-05-22,TKA.DE,EUR
TKO,TKO Group Holdings,US,USD,Communication Services,Movies & Entertainment,"New York City, New York",SP500,2026-05-22,TKO,USD
TLX,Talanx,EU,EUR,Insurance,,Germany,STOXX600,2026-05-22,TLX.DE,EUR
TMO,Thermo Fisher Scientific,US,USD,Health Care,Life Sciences Tools & Services,"Waltham, Massachusetts",SP500,2026-05-22,TMO,USD
TMUS,T-Mobile US,US,USD,Communication Services,Wireless Telecommunication Services,"Bellevue, Washington",SP500,2026-05-22,TMUS,USD
TMV,TeamViewer,EU,EUR,Technology,,Germany,STOXX600,2026-05-22,TMV.DE,EUR
TOM,TomTom,EU,EUR,Technology,,Netherlands,STOXX600,2026-05-22,TOM.AS,EUR
TPG,Telecom Plus,EU,EUR,Telecommunications,,United Kingdom,STOXX600,2026-05-22,TPG.L,GBP
TPK,Travis Perkins,EU,EUR,Retail,,United Kingdom,STOXX600,2026-05-22,TPK.L,GBP
TPL,Texas Pacific Land Corporation,US,USD,Energy,Oil & Gas Exploration & Production,"Dallas, Texas",SP500,2026-05-22,TPL,USD
TPR,"Tapestry, Inc.",US,USD,Consumer Discretionary,"Apparel, Accessories & Luxury Goods","New York City, New York",SP500,2026-05-22,TPR,USD
TREL B,Trelleborg,EU,EUR,Industrial Goods and Services,,Sweden,STOXX600,2026-05-22,TREL-B.ST,SEK
TRGP,Targa Resources,US,USD,Energy,Oil & Gas Storage & Transportation,"Houston, Texas",SP500,2026-05-22,TRGP,USD
TRMB,Trimble Inc.,US,USD,Information Technology,Application Software,"Westminster, Colorado",SP500,2026-05-22,TRMB,USD
TRN,Terna,EU,EUR,Utilities,,Italy,STOXX600,2026-05-22,TRN.MI,EUR
TROW,T. Rowe Price,US,USD,Financials,Asset Management & Custody Banks,"Baltimore, Maryland",SP500,2026-05-22,TROW,USD
TRV,Travelers Companies (The),US,USD,Financials,Property & Casualty Insurance,"New York City, New York",SP500,2026-05-22,TRV,USD
TRYG,Tryg,EU,EUR,Insurance,,Denmark,STOXX600,2026-05-22,TRYG.CO,DKK
TSCO,Tractor Supply,US,USD,Consumer Discretionary,Other Specialty Retail,"Brentwood, Tennessee",SP500,2026-05-22,TSCO,USD
TSLA,"Tesla, Inc.",US,USD,Consumer Discretionary,Automobile Manufacturers,"Austin, Texas",SP500,2026-05-22,TSLA,USD
TSN,Tyson Foods,US,USD,Consumer Staples,Packaged Foods & Meats,"Springdale, Arkansas",SP500,2026-05-22,TSN,USD
TT,Trane Technologies,US,USD,Industrials,Building Products,"Dublin, Ireland",SP500,2026-05-22,TT,USD
TTD,Trade Desk (The),US,USD,Communication Services,Advertising,"Ventura, California",SP500,2026-05-22,TTD,USD
TTE,TotalEnergies,EU,EUR,Energy,,France,STOXX600,2026-05-22,TTE.PA,EUR
TTWO,Take-Two Interactive,US,USD,Communication Services,Interactive Home Entertainment,"New York City, New York",SP500,2026-05-22,TTWO,USD
TUI,TUI Group,EU,EUR,Travel and Leisure,,Germany,STOXX600,2026-05-22,TUI.DE,EUR
TXN,Texas Instruments,US,USD,Information Technology,Semiconductors,"Dallas, Texas",SP500,2026-05-22,TXN,USD
TXT,Textron,US,USD,Industrials,Aerospace & Defense,"Providence, Rhode Island",SP500,2026-05-22,TXT,USD
TYL,Tyler Technologies,US,USD,Information Technology,Application Software,"Plano, Texas",SP500,2026-05-22,TYL,USD
UAL,United Airlines Holdings,US,USD,Industrials,Passenger Airlines,"Chicago, Illinois",SP500,2026-05-22,UAL,USD
UBER,Uber,US,USD,Industrials,Passenger Ground Transportation,"San Francisco, California",SP500,2026-05-22,UBER,USD
UBI,Ubisoft,EU,EUR,Consumer Products and Services,,France,STOXX600,2026-05-22,UBI.PA,EUR
UBSG,UBS Group,EU,EUR,Banks,,Switzerland,STOXX600,2026-05-22,UBSG.SW,CHF
UC,UniCredit,EU,EUR,Banks,,Italy,STOXX600,2026-05-22,UC.MI,EUR
UDR,"UDR, Inc.",US,USD,Real Estate,Multi-Family Residential REITs,"Highlands Ranch, Colorado",SP500,2026-05-22,UDR,USD
UHR,Swatch Group,EU,EUR,Consumer Products and Services,,Switzerland,STOXX600,2026-05-22,UHR.SW,CHF
UHS,Universal Health Services,US,USD,Health Care,Health Care Facilities,"King of Prussia, Pennsylvania",SP500,2026-05-22,UHS,USD
ULTA,Ulta Beauty,US,USD,Consumer Discretionary,Other Specialty Retail,"Bolingbrook, Illinois",SP500,2026-05-22,ULTA,USD
ULVR,Unilever,EU,EUR,"Personal Care, Drug and Grocery Stores",,United Kingdom,STOXX600,2026-05-22,ULVR.L,GBP
UMG,Universal Music Group,EU,EUR,Media,,Netherlands,STOXX600,2026-05-22,UMG.AS,EUR
UMI,Umicore,EU,EUR,Chemicals,,Belgium,STOXX600,2026-05-22,UMI.BR,EUR
UN01,Uniper,EU,EUR,Utilities,,Germany,STOXX600,2026-05-22,UN01.DE,EUR
UNH,UnitedHealth Group,US,USD,Health Care,Managed Health Care,"Eden Prairie, Minnesota",SP500,2026-05-22,UNH,USD
UNP,Union Pacific Corporation,US,USD,Industrials,Rail Transportation,"Omaha, Nebraska",SP500,2026-05-22,UNP,USD
UPM,UPM-Kymmene,EU,EUR,Basic Resources,,Finland,STOXX600,2026-05-22,UPM.HE,EUR
UPS,United Parcel Service,US,USD,Industrials,Air Freight & Logistics,"Sandy Springs, Georgia",SP500,2026-05-22,UPS,USD
UPW,United Utilities,EU,EUR,Utilities,,United Kingdom,STOXX600,2026-05-22,UPW.L,GBP
URI,United Rentals,US,USD,Industrials,Trading Companies & Distributors,"Stamford, Connecticut",SP500,2026-05-22,URI,USD
URW,Unibail-Rodamco-Westfield,EU,EUR,Real Estate,,France,STOXX600,2026-05-22,URW.PA,EUR
USB,U.S. Bancorp,US,USD,Financials,Diversified Banks,"Minneapolis, Minnesota",SP500,2026-05-22,USB,USD
UTG,Unite Group,EU,EUR,Real Estate,,United Kingdom,STOXX600,2026-05-22,UTG.L,GBP
V,Visa Inc.,US,USD,Financials,Transaction & Payment Processing Services,"San Francisco, California",SP500,2026-05-22,V,USD
VACN,VAT Group,EU,EUR,Industrial Goods and Services,,Switzerland,STOXX600,2026-05-22,VACN.SW,CHF
VALMT,Valmet,EU,EUR,Industrial Goods and Services,,Finland,STOXX600,2026-05-22,VALMT.HE,EUR
VAR1,Varta,EU,EUR,Industrial Goods and Services,,Germany,STOXX600,2026-05-22,VAR1.DE,EUR
VCT,Vicat,EU,EUR,Construction and Materials,,France,STOXX600,2026-05-22,VCT.PA,EUR
VEEV,Veeva Systems,US,USD,Health Care,Health Care Technology,"Pleasanton, California",SP500,2026-05-22,VEEV,USD
VER,Verbund,EU,EUR,Utilities,,Austria,STOXX600,2026-05-22,VER.VI,EUR
VESTAS,Vestas,EU,EUR,Energy,,Denmark,STOXX600,2026-05-22,VESTAS.CO,DKK
VICI,Vici Properties,US,USD,Real Estate,Hotel & Resort REITs,"New York City, New York",SP500,2026-05-22,VICI,USD
VIE,Veolia,EU,EUR,Utilities,,France,STOXX600,2026-05-22,VIE.PA,EUR
VIG,Vienna Insurance Group,EU,EUR,Insurance,,Austria,STOXX600,2026-05-22,VIG.VI,EUR
VITR,Vitrolife,EU,EUR,Health Care,,Sweden,STOXX600,2026-05-22,VITR.ST,SEK
VIV,Vivendi,EU,EUR,Media,,France,STOXX600,2026-05-22,VIV.PA,EUR
VK,Vallourec,EU,EUR,Basic Resources,,France,STOXX600,2026-05-22,VK.PA,EUR
VLO,Valero Energy,US,USD,Energy,Oil & Gas Refining & Marketing,"San Antonio, Texas",SP500,2026-05-22,VLO,USD
VLTO,Veralto,US,USD,Industrials,Environmental & Facilities Services,"Waltham, Massachusetts",SP500,2026-05-22,VLTO,USD
VMC,Vulcan Materials Company,US,USD,Materials,Construction Materials,"Birmingham, Alabama",SP500,2026-05-22,VMC,USD
VNA,Vonovia,EU,EUR,Real Estate,,Germany,STOXX600,2026-05-22,VNA.DE,EUR
VOD,Vodafone Group,EU,EUR,Telecommunications,,United Kingdom,STOXX600,2026-05-22,VOD.L,GBP
VOE,Voestalpine,EU,EUR,Basic Resources,,Austria,STOXX600,2026-05-22,VOE.VI,EUR
VOLV B,Volvo Group,EU,EUR,Industrial Goods and Services,,Sweden,STOXX600,2026-05-22,VOLV-B.ST,SEK
VPK,Vopak,EU,EUR,Industrial Goods and Services,,Netherlands,STOXX600,2026-05-22,VPK.AS,EUR
VPLAY B,Viaplay,EU,EUR,Media,,Sweden,STOXX600,2026-05-22,VPLAY-B.ST,SEK
VRSK,Verisk Analytics,US,USD,Industrials,Research & Consulting Services,"Jersey City, New Jersey",SP500,2026-05-22,VRSK,USD
VRSN,Verisign,US,USD,Information Technology,Internet Services & Infrastructure,"Reston, Virginia",SP500,2026-05-22,VRSN,USD
VRT,Vertiv,US,USD,Industrials,Electrical Components & Equipment,"Westerville, Ohio",SP500,2026-05-22,VRT,USD
VRTX,Vertex Pharmaceuticals,US,USD,Health Care,Biotechnology,"Boston, Massachusetts",SP500,2026-05-22,VRTX,USD
VST,Vistra Corp.,US,USD,Utilities,Electric Utilities,"Irving, Texas",SP500,2026-05-22,VST,USD
VTR,Ventas,US,USD,Real Estate,Health Care REITs,"Chicago, Illinois",SP500,2026-05-22,VTR,USD
VTRS,Viatris,US,USD,Health Care,Pharmaceuticals,"Pittsburgh, Pennsylvania",SP500,2026-05-22,VTRS,USD
VZ,Verizon,US,USD,Communication Services,Integrated Telecommunication Services,"New York City, New York",SP500,2026-05-22,VZ,USD
WAB,Wabtec,US,USD,Industrials,Construction Machinery & Heavy Transportation Equipment,"Pittsburgh, Pennsylvania",SP500,2026-05-22,WAB,USD
WAT,Waters Corporation,US,USD,Health Care,Life Sciences Tools & Services,"Milford, Massachusetts",SP500,2026-05-22,WAT,USD
WBD,Warner Bros. Discovery,US,USD,Communication Services,Broadcasting,"New York City, New York",SP500,2026-05-22,WBD,USD
WDAY,"Workday, Inc.",US,USD,Information Technology,Application Software,"Pleasanton, California",SP500,2026-05-22,WDAY,USD
WDC,Western Digital,US,USD,Information Technology,"Technology Hardware, Storage & Peripherals","San Jose, California",SP500,2026-05-22,WDC,USD
WDP,Warehouses De Pauw,EU,EUR,Real Estate,,Belgium,STOXX600,2026-05-22,WDP.BR,EUR
WEC,WEC Energy Group,US,USD,Utilities,Electric Utilities,"Milwaukee, Wisconsin",SP500,2026-05-22,WEC,USD
WEIR,Weir Group,EU,EUR,Industrial Goods and Services,,United Kingdom,STOXX600,2026-05-22,WEIR.L,GBP
WELL,Welltower,US,USD,Real Estate,Health Care REITs,"Toledo, Ohio",SP500,2026-05-22,WELL,USD
WEND,Wendel,EU,EUR,Financial Services,,France,STOXX600,2026-05-22,WEND.PA,EUR
WFC,Wells Fargo,US,USD,Financials,Diversified Banks,"San Francisco, California",SP500,2026-05-22,WFC,USD
WIE,Wienerberger,EU,EUR,Construction and Materials,,Austria,STOXX600,2026-05-22,WIE.VI,EUR
WIHL,Wihlborgs Fastigheter,EU,EUR,Real Estate,,Sweden,STOXX600,2026-05-22,WIHL.ST,SEK
WISE,Wise,EU,EUR,Financial Services,,United Kingdom,STOXX600,2026-05-22,WISE.L,GBP
WKL,Wolters Kluwer,EU,EUR,Media,,Netherlands,STOXX600,2026-05-22,WKL.AS,EUR
WLN,Worldline,EU,EUR,Industrial Goods and Services,,France,STOXX600,2026-05-22,WLN.PA,EUR
WM,Waste Management,US,USD,Industrials,Environmental & Facilities Services,"Houston, Texas",SP500,2026-05-22,WM,USD
WMB,Williams Companies,US,USD,Energy,Oil & Gas Storage & Transportation,"Tulsa, Oklahoma",SP500,2026-05-22,WMB,USD
WMT,Walmart,US,USD,Consumer Staples,Consumer Staples Merchandise Retail,"Bentonville, Arkansas",SP500,2026-05-22,WMT,USD
WPP,WPP,EU,EUR,Media,,United Kingdom,STOXX600,2026-05-22,WPP.L,GBP
WRB,W. R. Berkley Corporation,US,USD,Financials,Property & Casualty Insurance,"Greenwich, Connecticut",SP500,2026-05-22,WRB,USD
WSM,"Williams-Sonoma, Inc.",US,USD,Consumer Discretionary,Homefurnishing Retail,"San Francisco, California",SP500,2026-05-22,WSM,USD
WST,West Pharmaceutical Services,US,USD,Health Care,Health Care Supplies,"Exton, Pennsylvania",SP500,2026-05-22,WST,USD
WTB,Whitbread,EU,EUR,Travel and Leisure,,United Kingdom,STOXX600,2026-05-22,WTB.L,GBP
WTW,Willis Towers Watson,US,USD,Financials,Insurance Brokers,"London, United Kingdom",SP500,2026-05-22,WTW,USD
WY,Weyerhaeuser,US,USD,Real Estate,Timber REITs,"Seattle, Washington",SP500,2026-05-22,WY,USD
WYNN,Wynn Resorts,US,USD,Consumer Discretionary,Casinos & Gaming,"Paradise, Nevada",SP500,2026-05-22,WYNN,USD
XEL,Xcel Energy,US,USD,Utilities,Multi-Utilities,"Minneapolis, Minnesota",SP500,2026-05-22,XEL,USD
XOM,ExxonMobil,US,USD,Energy,Integrated Oil & Gas,"Irving, Texas",SP500,2026-05-22,XOM,USD
XYL,Xylem Inc.,US,USD,Industrials,Industrial Machinery & Supplies & Components,"White Plains, New York",SP500,2026-05-22,XYL,USD
XYZ,"Block, Inc.",US,USD,Financials,Transaction & Payment Processing Services,none,SP500,2026-05-22,XYZ,USD
YAR,Yara International,EU,EUR,Chemicals,,Norway,STOXX600,2026-05-22,YAR.OL,NOK
YUM,Yum! Brands,US,USD,Consumer Discretionary,Restaurants,"Louisville, Kentucky",SP500,2026-05-22,YUM,USD
ZAL,Zalando,EU,EUR,Retail,,Germany,STOXX600,2026-05-22,ZAL.DE,EUR
ZBH,Zimmer Biomet,US,USD,Health Care,Health Care Equipment,"Warsaw, Indiana",SP500,2026-05-22,ZBH,USD
ZBRA,Zebra Technologies,US,USD,Information Technology,Electronic Equipment & Instruments,"Lincolnshire, Illinois",SP500,2026-05-22,ZBRA,USD
ZTS,Zoetis,US,USD,Health Care,Pharmaceuticals,"Parsippany, New Jersey",SP500,2026-05-22,ZTS,USD
ZURN,Zurich Insurance Group,EU,EUR,Insurance,,Switzerland,STOXX600,2026-05-22,ZURN.SW,CHF
