ticker,name,market,currency,sector,sub_industry,headquarters,index_membership,snapshot_date,ticker_original
1COV.DE,Covestro,EU,EUR,Chemicals,,Germany,STOXX600,2026-05-22,1COV
8TRA.DE,Traton,EU,EUR,Industrial Goods and Services,,Germany,STOXX600,2026-05-22,8TRA
A,Agilent Technologies,US,USD,Health Care,Life Sciences Tools & Services,"Santa Clara, California",SP500,2026-05-22,A
AAL.L,Anglo American plc,EU,GBP,Basic Resources,,United Kingdom,STOXX600,2026-05-22,AAL
AAPL,Apple Inc.,US,USD,Information Technology,"Technology Hardware, Storage & Peripherals","Cupertino, California",SP500,2026-05-22,AAPL
ABBN.SW,ABB Ltd,EU,CHF,Industrial Goods and Services,,Switzerland,STOXX600,2026-05-22,ABBN
ABBV,AbbVie,US,USD,Health Care,Biotechnology,"North Chicago, Illinois",SP500,2026-05-22,ABBV
ABF.L,Associated British Foods,EU,GBP,"Food, Beverage and Tobacco",,United Kingdom,STOXX600,2026-05-22,ABF
ABI.BR,Anheuser-Busch InBev,EU,EUR,"Food, Beverage and Tobacco",,Belgium,STOXX600,2026-05-22,ABI
ABN.AS,ABN AMRO,EU,EUR,Banks,,Netherlands,STOXX600,2026-05-22,ABN
ABNB,Airbnb,US,USD,Consumer Discretionary,"Hotels, Resorts & Cruise Lines","San Francisco, California",SP500,2026-05-22,ABNB
ABT,Abbott Laboratories,US,USD,Health Care,Health Care Equipment,"North Chicago, Illinois",SP500,2026-05-22,ABT
AC.PA,Accor,EU,EUR,Travel and Leisure,,France,STOXX600,2026-05-22,AC
ACGL,Arch Capital Group,US,USD,Financials,Property & Casualty Insurance,"Hamilton, Bermuda",SP500,2026-05-22,ACGL
ACN,Accenture,US,USD,Information Technology,IT Consulting & Other Services,"Dublin, Ireland",SP500,2026-05-22,ACN
ACS.MC,ACS Group,EU,EUR,Construction and Materials,,Spain,STOXX600,2026-05-22,ACS
ACX.MC,Acerinox,EU,EUR,Basic Resources,,Spain,STOXX600,2026-05-22,ACX
ADBE,Adobe Inc.,US,USD,Information Technology,Application Software,"San Jose, California",SP500,2026-05-22,ADBE
ADEN.SW,Adecco,EU,CHF,Industrial Goods and Services,,Switzerland,STOXX600,2026-05-22,ADEN
ADH.OL,Adevinta,EU,NOK,Consumer Products and Services,,Norway,STOXX600,2026-05-22,ADH
ADI,Analog Devices,US,USD,Information Technology,Semiconductors,"Wilmington, Massachusetts",SP500,2026-05-22,ADI
ADM,Archer Daniels Midland,US,USD,Consumer Staples,Agricultural Products & Services,"Chicago, Illinois",SP500,2026-05-22,ADM
ADP,Automatic Data Processing,US,USD,Industrials,Human Resource & Employment Services,"Roseland, New Jersey",SP500,2026-05-22,ADP
ADS.DE,Adidas,EU,EUR,Consumer Products and Services,,Germany,STOXX600,2026-05-22,ADS
ADSK,Autodesk,US,USD,Information Technology,Application Software,"San Francisco, California",SP500,2026-05-22,ADSK
ADYEN.AS,Adyen,EU,EUR,Industrial Goods and Services,,Netherlands,STOXX600,2026-05-22,ADYEN
AEE,Ameren,US,USD,Utilities,Multi-Utilities,"St. Louis, Missouri",SP500,2026-05-22,AEE
AENA.MC,Aena,EU,EUR,Travel and Leisure,,Spain,STOXX600,2026-05-22,AENA
AEP,American Electric Power,US,USD,Utilities,Electric Utilities,"Columbus, Ohio",SP500,2026-05-22,AEP
AES,AES Corporation,US,USD,Utilities,Independent Power Producers & Energy Traders,"Arlington, Virginia",SP500,2026-05-22,AES
AF.PA,Air France-KLM,EU,EUR,Travel and Leisure,,France,STOXX600,2026-05-22,AF
AFL,Aflac,US,USD,Financials,Life & Health Insurance,"Columbus, Georgia",SP500,2026-05-22,AFL
AFX.DE,Carl Zeiss Meditec,EU,EUR,Health Care,,Germany,STOXX600,2026-05-22,AFX
AGS.BR,Ageas,EU,EUR,Insurance,,Belgium,STOXX600,2026-05-22,AGS
AHT.L,Ashtead Group,EU,GBP,Industrial Goods and Services,,United Kingdom,STOXX600,2026-05-22,AHT
AIG,American International Group,US,USD,Financials,Multi-line Insurance,"New York City, New York",SP500,2026-05-22,AIG
AIR.PA,Airbus,EU,EUR,Industrial Goods and Services,,France,STOXX600,2026-05-22,AIR
AI.PA,Air Liquide,EU,EUR,Chemicals,,France,STOXX600,2026-05-22,AIRP
AIXA.DE,AIXTRON,EU,EUR,Technology,,Germany,STOXX600,2026-05-22,AIXA
AIZ,Assurant,US,USD,Financials,Multi-line Insurance,"Atlanta, Georgia",SP500,2026-05-22,AIZ
AJG,Arthur J. Gallagher & Co.,US,USD,Financials,Insurance Brokers,"Rolling Meadows, Illinois",SP500,2026-05-22,AJG
AKAM,Akamai Technologies,US,USD,Information Technology,Internet Services & Infrastructure,"Cambridge, Massachusetts",SP500,2026-05-22,AKAM
AKE.PA,Arkema,EU,EUR,Chemicals,,France,STOXX600,2026-05-22,AKE
AKRBP.OL,Aker BP,EU,NOK,Energy,,Norway,STOXX600,2026-05-22,AKERBP
AKZA.AS,AkzoNobel,EU,EUR,Chemicals,,Netherlands,STOXX600,2026-05-22,AKZA
ALB,Albemarle Corporation,US,USD,Materials,Specialty Chemicals,"Charlotte, North Carolina",SP500,2026-05-22,ALB
ALC.SW,Alcon,EU,CHF,Health Care,,Switzerland,STOXX600,2026-05-22,ALC
ALFA.ST,Alfa Laval,EU,SEK,Industrial Goods and Services,,Sweden,STOXX600,2026-05-22,ALFA
ALGN,Align Technology,US,USD,Health Care,Health Care Supplies,"Tempe, Arizona",SP500,2026-05-22,ALGN
ALL,Allstate,US,USD,Financials,Property & Casualty Insurance,"Northbrook, Illinois",SP500,2026-05-22,ALL
ALLE,Allegion,US,USD,Industrials,Building Products,"Dublin, Ireland",SP500,2026-05-22,ALLE
ALLFG.AS,Allfunds Group,EU,EUR,Financial Services,,Spain,STOXX600,2026-05-22,ALLFG
ALO.PA,Alstom,EU,EUR,Industrial Goods and Services,,France,STOXX600,2026-05-22,ALO
ALV.DE,Allianz,EU,EUR,Insurance,,Germany,STOXX600,2026-05-22,ALV
AMAT,Applied Materials,US,USD,Information Technology,Semiconductor Materials & Equipment,"Santa Clara, California",SP500,2026-05-22,AMAT
AMBU-B.CO,Ambu,EU,DKK,Health Care,,Denmark,STOXX600,2026-05-22,AMBU B
AMCR,Amcor,US,USD,Materials,Paper & Plastic Packaging Products & Materials,"Warmley, Bristol, United Kingdom",SP500,2026-05-22,AMCR
AMD,Advanced Micro Devices,US,USD,Information Technology,Semiconductors,"Santa Clara, California",SP500,2026-05-22,AMD
AME,Ametek,US,USD,Industrials,Electrical Components & Equipment,"Berwyn, Pennsylvania",SP500,2026-05-22,AME
AMGN,Amgen,US,USD,Health Care,Biotechnology,"Thousand Oaks, California",SP500,2026-05-22,AMGN
AML.L,Aston Martin,EU,GBP,Automobiles and Parts,,United Kingdom,STOXX600,2026-05-22,AML
AMP,Ameriprise Financial,US,USD,Financials,Asset Management & Custody Banks,"Minneapolis, Minnesota",SP500,2026-05-22,AMP
AMS.VI,ams OSRAM,EU,EUR,Technology,,Austria,STOXX600,2026-05-22,AMS
AMT,American Tower,US,USD,Real Estate,Telecom Tower REITs,"Boston, Massachusetts",SP500,2026-05-22,AMT
AMZN,Amazon,US,USD,Consumer Discretionary,Broadline Retail,"Seattle, Washington",SP500,2026-05-22,AMZN
ANA.MC,Acciona,EU,EUR,Construction and Materials,,Spain,STOXX600,2026-05-22,ANA
ANE.MC,Acciona Energía,EU,EUR,Utilities,,Spain,STOXX600,2026-05-22,ANE
ANET,Arista Networks,US,USD,Information Technology,Communications Equipment,"Santa Clara, California",SP500,2026-05-22,ANET
ANTO.L,Antofagasta plc,EU,GBP,Basic Resources,,United Kingdom,STOXX600,2026-05-22,ANTO
AON,Aon plc,US,USD,Financials,Insurance Brokers,"London, United Kingdom",SP500,2026-05-22,AON
AOS,A. O. Smith,US,USD,Industrials,Building Products,"Milwaukee, Wisconsin",SP500,2026-05-22,AOS
APA,APA Corporation,US,USD,Energy,Oil & Gas Exploration & Production,"Houston, Texas",SP500,2026-05-22,APA
APD,Air Products,US,USD,Materials,Industrial Gases,"Upper Macungie Township, Pennsylvania",SP500,2026-05-22,APD
APH,Amphenol,US,USD,Information Technology,Electronic Components,"Wallingford, Connecticut",SP500,2026-05-22,APH
APO,Apollo Global Management,US,USD,Financials,Asset Management & Custody Banks,"New York City, New York",SP500,2026-05-22,APO
APP,AppLovin,US,USD,Information Technology,Application Software,"Palo Alto, California",SP500,2026-05-22,APP
APTV,Aptiv,US,USD,Consumer Discretionary,Automotive Parts & Equipment,"Schaffhausen, Switzerland",SP500,2026-05-22,APTV
ARE,Alexandria Real Estate Equities,US,USD,Real Estate,Office REITs,"Pasadena, California",SP500,2026-05-22,ARE
ARES,Ares Management,US,USD,Financials,Asset Management & Custody Banks,"Los Angeles, California",SP500,2026-05-22,ARES
ARGX.AS,Argenx,EU,EUR,Health Care,,Netherlands,STOXX600,2026-05-22,ARGX
ARND.AS,Aroundtown,EU,EUR,Real Estate,,Germany,STOXX600,2026-05-22,ARND
ASM.AS,ASM International,EU,EUR,Technology,,Netherlands,STOXX600,2026-05-22,ASMI
ASML.AS,ASML Holding,EU,EUR,Technology,,Netherlands,STOXX600,2026-05-22,ASML
ASSA-B.ST,Assa Abloy,EU,SEK,Construction and Materials,,Sweden,STOXX600,2026-05-22,ASSA B
ATCO-A.ST,Atlas Copco,EU,SEK,Industrial Goods and Services,,Sweden,STOXX600,2026-05-22,ATCOa
ATO,Atmos Energy,US,USD,Utilities,Gas Utilities,"Dallas, Texas",SP500,2026-05-22,ATO
ATOS.PA,Atos,EU,EUR,Technology,,France,STOXX600,2026-05-22,ATOS
AUTO.L,Auto Trader Group,EU,GBP,Media,,United Kingdom,STOXX600,2026-05-22,AUTO
AV.L,Aviva,EU,GBP,Insurance,,United Kingdom,STOXX600,2026-05-22,AV
AVB,AvalonBay Communities,US,USD,Real Estate,Multi-Family Residential REITs,"Arlington, Virginia",SP500,2026-05-22,AVB
AVGO,Broadcom,US,USD,Information Technology,Semiconductors,"Palo Alto, California",SP500,2026-05-22,AVGO
AVY,Avery Dennison,US,USD,Materials,Paper & Plastic Packaging Products & Materials,"Mentor, Ohio",SP500,2026-05-22,AVY
AWK,American Water Works,US,USD,Utilities,Water Utilities,"Camden, New Jersey",SP500,2026-05-22,AWK
AXON,Axon Enterprise,US,USD,Industrials,Aerospace & Defense,"Scottsdale, Arizona",SP500,2026-05-22,AXON
AXP,American Express,US,USD,Financials,Consumer Finance,"New York City, New York",SP500,2026-05-22,AXP
AZE.DE,Azelis Group,EU,EUR,Industrial Goods and Services,,Belgium,STOXX600,2026-05-22,AZE
AZN.L,AstraZeneca,EU,GBP,Health Care,,United Kingdom,STOXX600,2026-05-22,AZN
AZO,AutoZone,US,USD,Consumer Discretionary,Automotive Retail,"Memphis, Tennessee",SP500,2026-05-22,AZO
BA,Boeing,US,USD,Industrials,Aerospace & Defense,"Arlington, Virginia",SP500,2026-05-22,BA
BA.L,BAE Systems,EU,GBP,Industrial Goods and Services,,United Kingdom,STOXX600,2026-05-22,BA.
BAC,Bank of America,US,USD,Financials,Diversified Banks,"Charlotte, North Carolina",SP500,2026-05-22,BAC
BAER.SW,Julius Baer,EU,CHF,Financial Services,,Switzerland,STOXX600,2026-05-22,BAER
BALD-B.ST,Balder,EU,SEK,Real Estate,,Sweden,STOXX600,2026-05-22,BALD B
BALL,Ball Corporation,US,USD,Materials,"Metal, Glass & Plastic Containers","Broomfield, Colorado",SP500,2026-05-22,BALL
BALN.SW,Baloise,EU,CHF,Insurance,,Switzerland,STOXX600,2026-05-22,BALN
BARC.L,Barclays,EU,GBP,Banks,,United Kingdom,STOXX600,2026-05-22,BARC
BARN.SW,Barry Callebaut,EU,CHF,"Food, Beverage and Tobacco",,Switzerland,STOXX600,2026-05-22,BARN
BAS.DE,BASF,EU,EUR,Chemicals,,Germany,STOXX600,2026-05-22,BAS
BATS.L,British American Tobacco,EU,GBP,"Food, Beverage and Tobacco",,United Kingdom,STOXX600,2026-05-22,BATS
BAX,Baxter International,US,USD,Health Care,Health Care Equipment,"Deerfield, Illinois",SP500,2026-05-22,BAX
BAYN.DE,Bayer,EU,EUR,Health Care,,Germany,STOXX600,2026-05-22,BAYN
BBVA.MC,Banco Bilbao Vizcaya Argentaria,EU,EUR,Banks,,Spain,STOXX600,2026-05-22,BBVA
BBY,Best Buy,US,USD,Consumer Discretionary,Computer & Electronics Retail,"Richfield, Minnesota",SP500,2026-05-22,BBY
BDEV.L,Barratt Developments,EU,GBP,Consumer Products and Services,,United Kingdom,STOXX600,2026-05-22,BDEV
BDX,Becton Dickinson,US,USD,Health Care,Health Care Equipment,"Franklin Lakes, New Jersey",SP500,2026-05-22,BDX
BEB.DE,Belimo,EU,EUR,Construction and Materials,,Switzerland,STOXX600,2026-05-22,BEB
BEI.DE,Beiersdorf,EU,EUR,Consumer Products and Services,,Germany,STOXX600,2026-05-22,BEI
BEN,Franklin Resources,US,USD,Financials,Asset Management & Custody Banks,"San Mateo, California",SP500,2026-05-22,BEN
BEZ.L,Beazley,EU,GBP,Insurance,,United Kingdom,STOXX600,2026-05-22,BEZ
BF-B,Brown–Forman,US,USD,Consumer Staples,Distillers & Vintners,"Louisville, Kentucky",SP500,2026-05-22,BF-B
BG,Bunge Global,US,USD,Consumer Staples,Agricultural Products & Services,"Chesterfield, Missouri",SP500,2026-05-22,BG
BIIB,Biogen,US,USD,Health Care,Biotechnology,"Cambridge, Massachusetts",SP500,2026-05-22,BIIB
BKG.L,Berkeley Group Holdings,EU,GBP,Consumer Products and Services,,United Kingdom,STOXX600,2026-05-22,BKG
BKNG,Booking Holdings,US,USD,Consumer Discretionary,"Hotels, Resorts & Cruise Lines","Norwalk, Connecticut",SP500,2026-05-22,BKNG
BKR,Baker Hughes,US,USD,Energy,Oil & Gas Equipment & Services,"Houston, Texas",SP500,2026-05-22,BKR
BKT.MC,Bankinter,EU,EUR,Banks,,Spain,STOXX600,2026-05-22,BKT
BLDR,Builders FirstSource,US,USD,Industrials,Building Products,"Irving, Texas",SP500,2026-05-22,BLDR
BLK,BlackRock,US,USD,Financials,Asset Management & Custody Banks,"New York City, New York",SP500,2026-05-22,BLK
BME.L,B&M European Value Retail,EU,GBP,Retail,,United Kingdom,STOXX600,2026-05-22,BME
BMW.DE,BMW,EU,EUR,Automobiles and Parts,,Germany,STOXX600,2026-05-22,BMW
BMY,Bristol Myers Squibb,US,USD,Health Care,Pharmaceuticals,"New York City, New York",SP500,2026-05-22,BMY
BNPP.PA,BNP Paribas,EU,EUR,Banks,,France,STOXX600,2026-05-22,BNPP
BNR.DE,Brenntag,EU,EUR,Chemicals,,Germany,STOXX600,2026-05-22,BNR
BNY,BNY Mellon,US,USD,Financials,Asset Management & Custody Banks,"New York City, New York",SP500,2026-05-22,BNY
BNZL.L,Bunzl,EU,GBP,Industrial Goods and Services,,United Kingdom,STOXX600,2026-05-22,BNZL
BOL.ST,Boliden AB,EU,SEK,Basic Resources,,Sweden,STOXX600,2026-05-22,BOL
BOSS.DE,Hugo Boss,EU,EUR,Consumer Products and Services,,Germany,STOXX600,2026-05-22,BOSS
BOUY.PA,Bouygues,EU,EUR,Construction and Materials,,France,STOXX600,2026-05-22,BOUY
BP.L,BP,EU,GBP,Energy,,United Kingdom,STOXX600,2026-05-22,BP
BPOST.BR,Bpost,EU,EUR,Industrial Goods and Services,,Belgium,STOXX600,2026-05-22,BPOST
BR,Broadridge Financial Solutions,US,USD,Industrials,Data Processing & Outsourced Services,"Lake Success, New York",SP500,2026-05-22,BR
BRBY.L,Burberry,EU,GBP,Consumer Products and Services,,United Kingdom,STOXX600,2026-05-22,BRBY
BRK-B,Berkshire Hathaway,US,USD,Financials,Multi-Sector Holdings,"Omaha, Nebraska",SP500,2026-05-22,BRK-B
BRNW.MI,Brunello Cucinelli,EU,EUR,Consumer Products and Services,,Italy,STOXX600,2026-05-22,BRNW
BRO,Brown & Brown,US,USD,Financials,Insurance Brokers,"Daytona Beach, Florida",SP500,2026-05-22,BRO
BSX,Boston Scientific,US,USD,Health Care,Health Care Equipment,"Marlborough, Massachusetts",SP500,2026-05-22,BSX
BT.A,BT Group,EU,EUR,Telecommunications,,United Kingdom,STOXX600,2026-05-22,BT.A
BVI.PA,Bureau Veritas,EU,EUR,Industrial Goods and Services,,France,STOXX600,2026-05-22,BVI
BX,Blackstone Inc.,US,USD,Financials,Asset Management & Custody Banks,"New York City, New York",SP500,2026-05-22,BX
BXP,"BXP, Inc.",US,USD,Real Estate,Office REITs,"Boston, Massachusetts",SP500,2026-05-22,BXP
BYG.L,Big Yellow Group,EU,GBP,Real Estate,,United Kingdom,STOXX600,2026-05-22,BYG
C,Citigroup,US,USD,Financials,Diversified Banks,"New York City, New York",SP500,2026-05-22,C
CABK.MC,CaixaBank,EU,EUR,Banks,,Spain,STOXX600,2026-05-22,CABK
CAG,Conagra Brands,US,USD,Consumer Staples,Packaged Foods & Meats,"Chicago, Illinois",SP500,2026-05-22,CAG
CAGR.PA,Crédit Agricole,EU,EUR,Banks,,France,STOXX600,2026-05-22,CAGR
CAH,Cardinal Health,US,USD,Health Care,Health Care Distributors,"Dublin, Ohio",SP500,2026-05-22,CAH
CAPP.PA,Capgemini,EU,EUR,Technology,,France,STOXX600,2026-05-22,CAPP
CARR,Carrier Global,US,USD,Industrials,Building Products,"Palm Beach Gardens, Florida",SP500,2026-05-22,CARR
CASP.ST,Castellum,EU,SEK,Real Estate,,Sweden,STOXX600,2026-05-22,CASP
CAST.ST,Castellum,EU,SEK,Real Estate,,Sweden,STOXX600,2026-05-22,CAST
CASY,Casey's,US,USD,Consumer Staples,Food Retail,"Ankeny, Iowa",SP500,2026-05-22,CASY
CAT,Caterpillar Inc.,US,USD,Industrials,Construction Machinery & Heavy Transportation Equipment,"Irving, Texas",SP500,2026-05-22,CAT
CB,Chubb Limited,US,USD,Financials,Property & Casualty Insurance,"Zurich, Switzerland",SP500,2026-05-22,CB
CBK.DE,Commerzbank,EU,EUR,Banks,,Germany,STOXX600,2026-05-22,CBK
CBOE,Cboe Global Markets,US,USD,Financials,Financial Exchanges & Data,"Chicago, Illinois",SP500,2026-05-22,CBOE
CBRE,CBRE Group,US,USD,Real Estate,Real Estate Services,"Dallas, Texas",SP500,2026-05-22,CBRE
CCH.SW,Coca-Cola HBC,EU,CHF,"Food, Beverage and Tobacco",,Switzerland,STOXX600,2026-05-22,CCH
CCI,Crown Castle,US,USD,Real Estate,Telecom Tower REITs,"Houston, Texas",SP500,2026-05-22,CCI
CCL,Carnival Corporation,US,USD,Consumer Discretionary,"Hotels, Resorts & Cruise Lines","Miami, Florida",SP500,2026-05-22,CCL
CDNS,Cadence Design Systems,US,USD,Information Technology,Application Software,"San Jose, California",SP500,2026-05-22,CDNS
CDR.WA,CD Projekt,EU,PLN,Consumer Products and Services,,Poland,STOXX600,2026-05-22,CDR
CDW,CDW Corporation,US,USD,Information Technology,Technology Distributors,"Vernon Hills, Illinois",SP500,2026-05-22,CDW
CEG,Constellation Energy,US,USD,Utilities,Electric Utilities,"Baltimore, Maryland",SP500,2026-05-22,CEG
CF,CF Industries,US,USD,Materials,Fertilizers & Agricultural Chemicals,"Deerfield, Illinois",SP500,2026-05-22,CF
CFG,Citizens Financial Group,US,USD,Financials,Regional Banks,"Providence, Rhode Island",SP500,2026-05-22,CFG
CFR.SW,Richemont,EU,CHF,Consumer Products and Services,,Switzerland,STOXX600,2026-05-22,CFR
CHD,Church & Dwight,US,USD,Consumer Staples,Household Products,"Ewing, New Jersey",SP500,2026-05-22,CHD
CHRW,C.H. Robinson,US,USD,Industrials,Air Freight & Logistics,"Eden Prairie, Minnesota",SP500,2026-05-22,CHRW
CHTR,Charter Communications,US,USD,Communication Services,Cable & Satellite,"Stamford, Connecticut",SP500,2026-05-22,CHTR
CI,Cigna,US,USD,Health Care,Health Care Services,"Bloomfield, Connecticut",SP500,2026-05-22,CI
CIEN,Ciena,US,USD,Information Technology,Communications Equipment,"Hanover, Maryland",SP500,2026-05-22,CIEN
CINF,Cincinnati Financial,US,USD,Financials,Property & Casualty Insurance,"Fairfield, Ohio",SP500,2026-05-22,CINF
CL,Colgate-Palmolive,US,USD,Consumer Staples,Household Products,"New York City, New York",SP500,2026-05-22,CL
CLN.SW,Clariant,EU,CHF,Chemicals,,Switzerland,STOXX600,2026-05-22,CLN
CLX,Clorox,US,USD,Consumer Staples,Household Products,"Oakland, California",SP500,2026-05-22,CLX
CMCSA,Comcast,US,USD,Communication Services,Cable & Satellite,"Philadelphia, Pennsylvania",SP500,2026-05-22,CMCSA
CME,CME Group,US,USD,Financials,Financial Exchanges & Data,"Chicago, Illinois",SP500,2026-05-22,CME
CMG,Chipotle Mexican Grill,US,USD,Consumer Discretionary,Restaurants,"Newport Beach, California",SP500,2026-05-22,CMG
CMI,Cummins,US,USD,Industrials,Construction Machinery & Heavy Transportation Equipment,"Columbus, Indiana",SP500,2026-05-22,CMI
CMS,CMS Energy,US,USD,Utilities,Multi-Utilities,"Jackson, Michigan",SP500,2026-05-22,CMS
CNA.L,Centrica,EU,GBP,Utilities,,United Kingdom,STOXX600,2026-05-22,CNA
CNC,Centene Corporation,US,USD,Health Care,Managed Health Care,"St. Louis, Missouri",SP500,2026-05-22,CNC
CNP,CenterPoint Energy,US,USD,Utilities,Multi-Utilities,"Houston, Texas",SP500,2026-05-22,CNP
COF,Capital One,US,USD,Financials,Consumer Finance,"Tysons Corner, Virginia",SP500,2026-05-22,COF
COHR,Coherent Corp.,US,USD,Information Technology,Electronic Components,"Saxonburg, Pennsylvania",SP500,2026-05-22,COHR
COIN,Coinbase,US,USD,Financials,Financial Exchanges & Data,"New York City, New York",SP500,2026-05-22,COIN
COLR.BR,Colruyt,EU,EUR,"Personal Care, Drug and Grocery Stores",,Belgium,STOXX600,2026-05-22,COLR
CONT_DE,Continental,EU,EUR,Automobiles and Parts,,Germany,STOXX600,2026-05-22,CON
COO,Cooper Companies (The),US,USD,Health Care,Health Care Supplies,"San Ramon, California",SP500,2026-05-22,COO
COP,ConocoPhillips,US,USD,Energy,Oil & Gas Exploration & Production,"Houston, Texas",SP500,2026-05-22,COP
COR,Cencora,US,USD,Health Care,Health Care Distributors,"Conshohocken, Pennsylvania",SP500,2026-05-22,COR
COST,Costco,US,USD,Consumer Staples,Consumer Staples Merchandise Retail,"Issaquah, Washington",SP500,2026-05-22,COST
CPAY,Corpay,US,USD,Financials,Transaction & Payment Processing Services,"Atlanta, Georgia",SP500,2026-05-22,CPAY
CPB,Campbell's Company (The),US,USD,Consumer Staples,Packaged Foods & Meats,"Camden, New Jersey",SP500,2026-05-22,CPB
CPG.L,Compass Group,EU,GBP,Travel and Leisure,,United Kingdom,STOXX600,2026-05-22,CPG
CPR.MI,Davide Campari-Milano,EU,EUR,"Food, Beverage and Tobacco",,Italy,STOXX600,2026-05-22,CPR
CPRT,Copart,US,USD,Industrials,Diversified Support Services,"Dallas, Texas",SP500,2026-05-22,CPRT
CPT,Camden Property Trust,US,USD,Real Estate,Multi-Family Residential REITs,"Houston, Texas",SP500,2026-05-22,CPT
CRDA.L,Croda International,EU,GBP,Chemicals,,United Kingdom,STOXX600,2026-05-22,CRDA
CRH,CRH plc,US,USD,Materials,Construction Materials,"Dublin, Ireland",SP500,2026-05-22,CRH
CRL,Charles River Laboratories,US,USD,Health Care,Life Sciences Tools & Services,"Wilmington, Massachusetts",SP500,2026-05-22,CRL
CRM,Salesforce,US,USD,Information Technology,Application Software,"San Francisco, California",SP500,2026-05-22,CRM
CRWD,CrowdStrike,US,USD,Information Technology,Systems Software,"Austin, Texas",SP500,2026-05-22,CRWD
CS.PA,AXA,EU,EUR,Insurance,,France,STOXX600,2026-05-22,CS
CSCO,Cisco,US,USD,Information Technology,Communications Equipment,"San Jose, California",SP500,2026-05-22,CSCO
CSGP,CoStar Group,US,USD,Real Estate,Real Estate Services,"Washington, D.C.",SP500,2026-05-22,CSGP
CSX,CSX Corporation,US,USD,Industrials,Rail Transportation,"Jacksonville, Florida",SP500,2026-05-22,CSX
CTAS,Cintas,US,USD,Industrials,Diversified Support Services,"Mason, Ohio",SP500,2026-05-22,CTAS
CTEC.L,ConvaTec,EU,GBP,Health Care,,United Kingdom,STOXX600,2026-05-22,CTEC
CTG.L,Computer Center,EU,GBP,Technology,,United Kingdom,STOXX600,2026-05-22,CTG
CTS.DE,CTS Eventim,EU,EUR,Media,,Germany,STOXX600,2026-05-22,CTS
CTSH,Cognizant,US,USD,Information Technology,IT Consulting & Other Services,"Teaneck, New Jersey",SP500,2026-05-22,CTSH
CTVA,Corteva,US,USD,Materials,Fertilizers & Agricultural Chemicals,"Indianapolis, Indiana",SP500,2026-05-22,CTVA
CVNA,Carvana,US,USD,Consumer Discretionary,Automotive Retail,"Tempe, Arizona",SP500,2026-05-22,CVNA
CVS,CVS Health,US,USD,Health Care,Health Care Services,"Woonsocket, Rhode Island",SP500,2026-05-22,CVS
CVX,Chevron Corporation,US,USD,Energy,Integrated Oil & Gas,"Houston, Texas",SP500,2026-05-22,CVX
D,Dominion Energy,US,USD,Utilities,Multi-Utilities,"Richmond, Virginia",SP500,2026-05-22,D
DAL,Delta Air Lines,US,USD,Industrials,Passenger Airlines,"Atlanta, Georgia",SP500,2026-05-22,DAL
DANO.PA,Danone,EU,EUR,"Food, Beverage and Tobacco",,France,STOXX600,2026-05-22,DANO
DASH,DoorDash,US,USD,Consumer Discretionary,Specialized Consumer Services,"San Francisco, California",SP500,2026-05-22,DASH
DB1.DE,Deutsche Börse,EU,EUR,Financial Services,,Germany,STOXX600,2026-05-22,DB1
DD,DuPont,US,USD,Materials,Specialty Chemicals,"Wilmington, Delaware",SP500,2026-05-22,DD
DDOG,Datadog,US,USD,Information Technology,Application Software,"New York City, New York",SP500,2026-05-22,DDOG
DE,Deere & Company,US,USD,Industrials,Agricultural & Farm Machinery,"Moline, Illinois",SP500,2026-05-22,DE
DECK,Deckers Brands,US,USD,Consumer Discretionary,Footwear,"Goleta, California",SP500,2026-05-22,DECK
DELL,Dell Technologies,US,USD,Information Technology,"Technology Hardware, Storage & Peripherals","Round Rock, Texas",SP500,2026-05-22,DELL
DEMANT.CO,Demant,EU,DKK,Health Care,,Denmark,STOXX600,2026-05-22,DEMANT
DG,Dollar General,US,USD,Consumer Staples,Consumer Staples Merchandise Retail,"Goodlettsville, Tennessee",SP500,2026-05-22,DG
DGE.L,Diageo,EU,GBP,"Food, Beverage and Tobacco",,United Kingdom,STOXX600,2026-05-22,DGE
DGX,Quest Diagnostics,US,USD,Health Care,Health Care Services,"Secaucus, New Jersey",SP500,2026-05-22,DGX
DHER.DE,Delivery Hero,EU,EUR,Retail,,Germany,STOXX600,2026-05-22,DHER
DHI,D. R. Horton,US,USD,Consumer Discretionary,Homebuilding,"Arlington, Texas",SP500,2026-05-22,DHI
DHL.DE,DHL Group,EU,EUR,Industrial Goods and Services,,Germany,STOXX600,2026-05-22,DHL
DHR,Danaher Corporation,US,USD,Health Care,Life Sciences Tools & Services,"Washington, D.C.",SP500,2026-05-22,DHR
DIA.MC,Dia,EU,EUR,"Personal Care, Drug and Grocery Stores",,Spain,STOXX600,2026-05-22,DIA
DIE.BR,DIETEREN Group,EU,EUR,Automobiles and Parts,,Belgium,STOXX600,2026-05-22,DIE
DIS,Walt Disney Company (The),US,USD,Communication Services,Movies & Entertainment,"Burbank, California",SP500,2026-05-22,DIS
DLG.L,Direct Line,EU,GBP,Insurance,,United Kingdom,STOXX600,2026-05-22,DLG
DLN.L,Derwent London,EU,GBP,Real Estate,,United Kingdom,STOXX600,2026-05-22,DLN
DLR,Digital Realty,US,USD,Real Estate,Data Center REITs,"Austin, Texas",SP500,2026-05-22,DLR
DLTR,Dollar Tree,US,USD,Consumer Staples,Consumer Staples Merchandise Retail,"Chesapeake, Virginia",SP500,2026-05-22,DLTR
DOC,Healthpeak Properties,US,USD,Real Estate,Health Care REITs,"Denver, Colorado",SP500,2026-05-22,DOC
DOCM.SW,DocMorris,EU,CHF,Health Care,,Switzerland,STOXX600,2026-05-22,DOCM
DOV,Dover Corporation,US,USD,Industrials,Industrial Machinery & Supplies & Components,"Downers Grove, Illinois",SP500,2026-05-22,DOV
DOW,Dow Inc.,US,USD,Materials,Commodity Chemicals,"Midland, Michigan",SP500,2026-05-22,DOW
DPLM.L,Diploma,EU,GBP,Industrial Goods and Services,,United Kingdom,STOXX600,2026-05-22,DPLM
DPZ,Domino's,US,USD,Consumer Discretionary,Restaurants,"Ann Arbor, Michigan",SP500,2026-05-22,DPZ
DRI,Darden Restaurants,US,USD,Consumer Discretionary,Restaurants,"Orlando, Florida",SP500,2026-05-22,DRI
DSM.SW,DSM-Firmenich,EU,CHF,Chemicals,,Switzerland,STOXX600,2026-05-22,DSM
DTE,DTE Energy,US,USD,Utilities,Multi-Utilities,"Detroit, Michigan",SP500,2026-05-22,DTE
DTG.DE,Daimler Truck,EU,EUR,Industrial Goods and Services,,Germany,STOXX600,2026-05-22,DTG
DUK,Duke Energy,US,USD,Utilities,Electric Utilities,"Charlotte, North Carolina",SP500,2026-05-22,DUK
DVA,DaVita,US,USD,Health Care,Health Care Services,"Denver, Colorado",SP500,2026-05-22,DVA
DVN,Devon Energy,US,USD,Energy,Oil & Gas Exploration & Production,"Oklahoma City, Oklahoma",SP500,2026-05-22,DVN
DXCM,Dexcom,US,USD,Health Care,Health Care Equipment,"San Diego, California",SP500,2026-05-22,DXCM
EA,Electronic Arts,US,USD,Communication Services,Interactive Home Entertainment,"Redwood City, California",SP500,2026-05-22,EA
EBAY,eBay Inc.,US,USD,Consumer Discretionary,Broadline Retail,"San Jose, California",SP500,2026-05-22,EBAY
EBS.VI,Erste Group,EU,EUR,Banks,,Austria,STOXX600,2026-05-22,EBS
ECL,Ecolab,US,USD,Materials,Specialty Chemicals,"Saint Paul, Minnesota",SP500,2026-05-22,ECL
ED,Consolidated Edison,US,USD,Utilities,Multi-Utilities,"New York City, New York",SP500,2026-05-22,ED
EDEN.PA,Edenred,EU,EUR,Industrial Goods and Services,,France,STOXX600,2026-05-22,EDEN
EDP.LS,EDP - Energias de Portugal,EU,EUR,Utilities,,Portugal,STOXX600,2026-05-22,EDP
EDPR.LS,EDP Renováveis,EU,EUR,Utilities,,Portugal,STOXX600,2026-05-22,EDPR
EDV.L,Endeavour Mining,EU,GBP,Basic Resources,,United Kingdom,STOXX600,2026-05-22,EDV
EFGI.PA,Eiffage,EU,EUR,Construction and Materials,,France,STOXX600,2026-05-22,EFGI
EFX,Equifax,US,USD,Industrials,Research & Consulting Services,"Atlanta, Georgia",SP500,2026-05-22,EFX
EG,Everest Group,US,USD,Financials,Reinsurance,"Hamilton, Bermuda",SP500,2026-05-22,EG
EIX,Edison International,US,USD,Utilities,Electric Utilities,"Rosemead, California",SP500,2026-05-22,EIX
EL,Estée Lauder Companies (The),US,USD,Consumer Staples,Personal Care Products,"New York City, New York",SP500,2026-05-22,EL
ELISA.HE,Elisa,EU,EUR,Telecommunications,,Finland,STOXX600,2026-05-22,ELISA
ELUX-B.ST,Electrolux,EU,SEK,Consumer Products and Services,,Sweden,STOXX600,2026-05-22,ELUX B
ELUXb.ST,Electrolux,EU,SEK,Consumer Products and Services,,Sweden,STOXX600,2026-05-22,ELUXb
ELV,Elevance Health,US,USD,Health Care,Managed Health Care,"Indianapolis, Indiana",SP500,2026-05-22,ELV
EME,Emcor,US,USD,Industrials,Construction & Engineering,"Norwalk, Connecticut",SP500,2026-05-22,EME
EMR,Emerson Electric,US,USD,Industrials,Electrical Components & Equipment,"Ferguson, Missouri",SP500,2026-05-22,EMR
EMSN.SW,Ems-Chemie,EU,CHF,Chemicals,,Switzerland,STOXX600,2026-05-22,EMSN
EN.PA,Bouygues,EU,EUR,Construction and Materials,,France,STOXX600,2026-05-22,EN
ENEL.MI,Enel,EU,EUR,Utilities,,Italy,STOXX600,2026-05-22,ENEL
ENG.MC,Enagás,EU,EUR,Utilities,,Spain,STOXX600,2026-05-22,ENG
ENGI.PA,Engie,EU,EUR,Utilities,,France,STOXX600,2026-05-22,ENGI
ENGIE.PA,Engie,EU,EUR,Utilities,,France,STOXX600,2026-05-22,ENGIE
ENI.MI,Eni,EU,EUR,Energy,,Italy,STOXX600,2026-05-22,ENI
ENT.L,Entain,EU,GBP,Travel and Leisure,,United Kingdom,STOXX600,2026-05-22,ENT
ENX.AS,Euronext,EU,EUR,Financial Services,,Netherlands,STOXX600,2026-05-22,ENX
EOAN.DE,E.ON,EU,EUR,Utilities,,Germany,STOXX600,2026-05-22,EOAN
EOG,EOG Resources,US,USD,Energy,Oil & Gas Exploration & Production,"Houston, Texas",SP500,2026-05-22,EOG
EPAM,EPAM Systems,US,USD,Information Technology,IT Consulting & Other Services,"Newtown, Pennsylvania",SP500,2026-05-22,EPAM
EPI-A.ST,Epiroc,EU,SEK,Industrial Goods and Services,,Sweden,STOXX600,2026-05-22,EPI A
EQIX,Equinix,US,USD,Real Estate,Data Center REITs,"Redwood City, California",SP500,2026-05-22,EQIX
EQR,Equity Residential,US,USD,Real Estate,Multi-Family Residential REITs,"Chicago, Illinois",SP500,2026-05-22,EQR
EQT,EQT Corporation,US,USD,Energy,Oil & Gas Exploration & Production,"Pittsburgh, Pennsylvania",SP500,2026-05-22,EQT
ERICb.ST,Ericsson,EU,SEK,Telecommunications,,Sweden,STOXX600,2026-05-22,ERICb
ERIE,Erie Indemnity,US,USD,Financials,Insurance Brokers,"Erie, Pennsylvania",SP500,2026-05-22,ERIE
ES,Eversource Energy,US,USD,Utilities,Electric Utilities,"Hartford, Connecticut",SP500,2026-05-22,ES
ESLX.PA,EssilorLuxottica,EU,EUR,Health Care,,France,STOXX600,2026-05-22,ESLX
ESS,Essex Property Trust,US,USD,Real Estate,Multi-Family Residential REITs,"San Mateo, California",SP500,2026-05-22,ESS
ETN,Eaton Corporation,US,USD,Industrials,Electrical Components & Equipment,"Dublin, Ireland",SP500,2026-05-22,ETN
ETR,Entergy,US,USD,Utilities,Electric Utilities,"New Orleans, Louisiana",SP500,2026-05-22,ETR
EVK.DE,Evonik Industries,EU,EUR,Chemicals,,Germany,STOXX600,2026-05-22,EVK
EVR.L,Evraz,EU,GBP,Basic Resources,,United Kingdom,STOXX600,2026-05-22,EVR
EVRG,Evergy,US,USD,Utilities,Electric Utilities,"Kansas City, Missouri",SP500,2026-05-22,EVRG
EVT.DE,Evotec,EU,EUR,Health Care,,Germany,STOXX600,2026-05-22,EVT
EW,Edwards Lifesciences,US,USD,Health Care,Health Care Equipment,"Irvine, California",SP500,2026-05-22,EW
EXC,Exelon,US,USD,Utilities,Electric Utilities,"Chicago, Illinois",SP500,2026-05-22,EXC
EXE,Expand Energy,US,USD,Energy,Oil & Gas Exploration & Production,"Oklahoma City, Oklahoma",SP500,2026-05-22,EXE
EXO.AS,Exor,EU,EUR,Financial Services,,Netherlands,STOXX600,2026-05-22,EXO
EXPD,Expeditors International,US,USD,Industrials,Air Freight & Logistics,"Seattle, Washington",SP500,2026-05-22,EXPD
EXPE,Expedia Group,US,USD,Consumer Discretionary,"Hotels, Resorts & Cruise Lines","Seattle, Washington",SP500,2026-05-22,EXPE
EXPN.L,Experian,EU,GBP,Industrial Goods and Services,,United Kingdom,STOXX600,2026-05-22,EXPN
EXR,Extra Space Storage,US,USD,Real Estate,Self-Storage REITs,"Salt Lake City, Utah",SP500,2026-05-22,EXR
EZJ.L,EasyJet,EU,GBP,Travel and Leisure,,United Kingdom,STOXX600,2026-05-22,EZJ
F,Ford Motor Company,US,USD,Consumer Discretionary,Automobile Manufacturers,"Dearborn, Michigan",SP500,2026-05-22,F
FALK.CO,Falck,EU,DKK,Health Care,,Denmark,STOXX600,2026-05-22,FALK
FANG,Diamondback Energy,US,USD,Energy,Oil & Gas Exploration & Production,"Midland, Texas",SP500,2026-05-22,FANG
FAST,Fastenal,US,USD,Industrials,Trading Companies & Distributors,"Winona, Minnesota",SP500,2026-05-22,FAST
FCX,Freeport-McMoRan,US,USD,Materials,Copper,"Phoenix, Arizona",SP500,2026-05-22,FCX
FDS,FactSet,US,USD,Financials,Financial Exchanges & Data,"Norwalk, Connecticut",SP500,2026-05-22,FDS
FDX,FedEx,US,USD,Industrials,Air Freight & Logistics,"Memphis, Tennessee",SP500,2026-05-22,FDX
FE,FirstEnergy,US,USD,Utilities,Electric Utilities,"Akron, Ohio",SP500,2026-05-22,FE
FER.AS,Ferrovial,EU,EUR,Construction and Materials,,Netherlands,STOXX600,2026-05-22,FER
FERR.MI,Ferrari,EU,EUR,Automobiles and Parts,,Italy,STOXX600,2026-05-22,FERR
FFIV,"F5, Inc.",US,USD,Information Technology,Communications Equipment,"Seattle, Washington",SP500,2026-05-22,FFIV
FICO,Fair Isaac,US,USD,Information Technology,Application Software,"Bozeman, Montana",SP500,2026-05-22,FICO
FIS,Fidelity National Information Services,US,USD,Financials,Transaction & Payment Processing Services,"Jacksonville, Florida",SP500,2026-05-22,FIS
FISV,Fiserv,US,USD,Financials,Transaction & Payment Processing Services,"Brookfield, Wisconsin",SP500,2026-05-22,FISV
FITB,Fifth Third Bancorp,US,USD,Financials,Regional Banks,"Cincinnati, Ohio",SP500,2026-05-22,FITB
FIX,Comfort Systems USA,US,USD,Industrials,Construction & Engineering,"Houston, Texas",SP500,2026-05-22,FIX
FLOW.AS,Flow Traders,EU,EUR,Financial Services,,Netherlands,STOXX600,2026-05-22,FLOW
FLTR.IR,Flutter Entertainment,EU,EUR,Travel and Leisure,,Ireland,STOXX600,2026-05-22,FLTR
FME.DE,Fresenius Medical Care,EU,EUR,Health Care,,Germany,STOXX600,2026-05-22,FME
FNTN.DE,Freenet,EU,EUR,Telecommunications,,Germany,STOXX600,2026-05-22,FNTN
FOR.MC,FCC,EU,EUR,Construction and Materials,,Spain,STOXX600,2026-05-22,FOR
FORTUM.HE,Fortum,EU,EUR,Utilities,,Finland,STOXX600,2026-05-22,FORTUM
FOX,Fox Corporation (Class B),US,USD,Communication Services,Broadcasting,"New York City, New York",SP500,2026-05-22,FOX
FOXA,Fox Corporation (Class A),US,USD,Communication Services,Broadcasting,"New York City, New York",SP500,2026-05-22,FOXA
FR.PA,Valeo,EU,EUR,Automobiles and Parts,,France,STOXX600,2026-05-22,FR
FRA.DE,Rational,EU,EUR,Industrial Goods and Services,,Germany,STOXX600,2026-05-22,FRA
FRT,Federal Realty Investment Trust,US,USD,Real Estate,Retail REITs,"Rockville, Maryland",SP500,2026-05-22,FRT
FRVIA.PA,Forvia,EU,EUR,Automobiles and Parts,,France,STOXX600,2026-05-22,FRVIA
FSLR,First Solar,US,USD,Information Technology,Semiconductors,"Tempe, Arizona",SP500,2026-05-22,FSLR
FTI.L,TechnipFMC,EU,GBP,Energy,,United Kingdom,STOXX600,2026-05-22,FTI
FTNT,Fortinet,US,USD,Information Technology,Systems Software,"Sunnyvale, California",SP500,2026-05-22,FTNT
FTV,Fortive,US,USD,Industrials,Industrial Machinery & Supplies & Components,"Everett, Washington",SP500,2026-05-22,FTV
G1A.DE,GEA Group,EU,EUR,Industrial Goods and Services,,Germany,STOXX600,2026-05-22,G1A
G24.DE,Scout24,EU,EUR,Technology,,Germany,STOXX600,2026-05-22,G24
GALE.SW,Galenica,EU,CHF,Health Care,,Switzerland,STOXX600,2026-05-22,GALE
GALP.LS,Galp Energia,EU,EUR,Energy,,Portugal,STOXX600,2026-05-22,GALP
GAW.L,Games Workshop,EU,GBP,Consumer Products and Services,,United Kingdom,STOXX600,2026-05-22,GAW
GD,General Dynamics,US,USD,Industrials,Aerospace & Defense,"Reston, Virginia",SP500,2026-05-22,GD
GDDY,GoDaddy,US,USD,Information Technology,Internet Services & Infrastructure,"Tempe, Arizona",SP500,2026-05-22,GDDY
GE,GE Aerospace,US,USD,Industrials,Aerospace & Defense,"Evendale, Ohio",SP500,2026-05-22,GE
GEBN.SW,Geberit,EU,CHF,Construction and Materials,,Switzerland,STOXX600,2026-05-22,GEBN
GEHC,GE HealthCare,US,USD,Health Care,Health Care Equipment,"Chicago, Illinois",SP500,2026-05-22,GEHC
GEN,Gen Digital,US,USD,Information Technology,Systems Software,"Tempe, Arizona",SP500,2026-05-22,GEN
GET.PA,Getlink,EU,EUR,Industrial Goods and Services,,France,STOXX600,2026-05-22,GET
GEV,GE Vernova,US,USD,Industrials,Heavy Electrical Equipment,"Cambridge, Massachusetts",SP500,2026-05-22,GEV
GF.SW,Georg Fischer,EU,CHF,Industrial Goods and Services,,Switzerland,STOXX600,2026-05-22,GF
GFC.PA,Gecina,EU,EUR,Real Estate,,France,STOXX600,2026-05-22,GFC
GFT.IR,Grafton Group,EU,EUR,Industrial Goods and Services,,Ireland,STOXX600,2026-05-22,GFT
GILD,Gilead Sciences,US,USD,Health Care,Biotechnology,"Foster City, California",SP500,2026-05-22,GILD
GIS,General Mills,US,USD,Consumer Staples,Packaged Foods & Meats,"Golden Valley, Minnesota",SP500,2026-05-22,GIS
GIVN.SW,Givaudan,EU,CHF,Chemicals,,Switzerland,STOXX600,2026-05-22,GIVN
GL,Globe Life,US,USD,Financials,Life & Health Insurance,"McKinney, Texas",SP500,2026-05-22,GL
GLB.IR,Glanbia,EU,EUR,"Food, Beverage and Tobacco",,Ireland,STOXX600,2026-05-22,GLB
GLE.PA,Société Générale,EU,EUR,Banks,,France,STOXX600,2026-05-22,GLE
GLEN.L,Glencore,EU,GBP,Basic Resources,,United Kingdom,STOXX600,2026-05-22,GLEN
GLW,Corning Inc.,US,USD,Information Technology,Electronic Components,"Corning, New York",SP500,2026-05-22,GLW
GM,General Motors,US,USD,Consumer Discretionary,Automobile Manufacturers,"Detroit, Michigan",SP500,2026-05-22,GM
GN.CO,GN Store Nord,EU,DKK,Health Care,,Denmark,STOXX600,2026-05-22,GN
GNRC,Generac,US,USD,Industrials,Electrical Components & Equipment,"Waukesha, Wisconsin",SP500,2026-05-22,GNRC
GOOG,Alphabet Inc. (Class C),US,USD,Communication Services,Interactive Media & Services,"Mountain View, California",SP500,2026-05-22,GOOG
GOOGL,Alphabet Inc. (Class A),US,USD,Communication Services,Interactive Media & Services,"Mountain View, California",SP500,2026-05-22,GOOGL
GPC,Genuine Parts Company,US,USD,Consumer Discretionary,Distributors,"Atlanta, Georgia",SP500,2026-05-22,GPC
GPN,Global Payments,US,USD,Financials,Transaction & Payment Processing Services,"Atlanta, Georgia",SP500,2026-05-22,GPN
GREG.L,Greggs,EU,GBP,Retail,,United Kingdom,STOXX600,2026-05-22,GREG
GRF.MC,Grifols,EU,EUR,Health Care,,Spain,STOXX600,2026-05-22,GRF
GRLS.MC,Grifols,EU,EUR,Health Care,,Spain,STOXX600,2026-05-22,GRLS
GRMN,Garmin,US,USD,Consumer Discretionary,Consumer Electronics,"Schaffhausen, Switzerland",SP500,2026-05-22,GRMN
GS,Goldman Sachs,US,USD,Financials,Investment Banking & Brokerage,"New York City, New York",SP500,2026-05-22,GS
GSK.L,GSK plc,EU,GBP,Health Care,,United Kingdom,STOXX600,2026-05-22,GSK
GWI.MI,Gruppo Campari,EU,EUR,"Food, Beverage and Tobacco",,Italy,STOXX600,2026-05-22,GWI
GWW,W. W. Grainger,US,USD,Industrials,Industrial Machinery & Supplies & Components,"Lake Forest, Illinois",SP500,2026-05-22,GWW
HAL,Halliburton,US,USD,Energy,Oil & Gas Equipment & Services,"Houston, Texas",SP500,2026-05-22,HAL
HAS,Hasbro,US,USD,Consumer Discretionary,Leisure Products,"Pawtucket, Rhode Island",SP500,2026-05-22,HAS
HBAN,Huntington Bancshares,US,USD,Financials,Regional Banks,"Columbus, Ohio; Detroit, Michigan",SP500,2026-05-22,HBAN
HCA,HCA Healthcare,US,USD,Health Care,Health Care Facilities,"Nashville, Tennessee",SP500,2026-05-22,HCA
HD,Home Depot (The),US,USD,Consumer Discretionary,Home Improvement Retail,"Atlanta, Georgia",SP500,2026-05-22,HD
HEI.DE,Heidelberg Materials,EU,EUR,Construction and Materials,,Germany,STOXX600,2026-05-22,HEI
HELN.SW,Helvetia Insurance,EU,CHF,Insurance,,Switzerland,STOXX600,2026-05-22,HELN
HEN3.DE,Henkel,EU,EUR,Consumer Products and Services,,Germany,STOXX600,2026-05-22,HEN3
HIG,Hartford (The),US,USD,Financials,Property & Casualty Insurance,"Hartford, Connecticut",SP500,2026-05-22,HIG
HII,Huntington Ingalls Industries,US,USD,Industrials,Aerospace & Defense,"Newport News, Virginia",SP500,2026-05-22,HII
HIK.L,Hikma Pharmaceuticals,EU,GBP,Health Care,,United Kingdom,STOXX600,2026-05-22,HIK
HLI.L,Haleon,EU,GBP,Consumer Products and Services,,United Kingdom,STOXX600,2026-05-22,HLI
HLM.L,Halma,EU,GBP,Industrial Goods and Services,,United Kingdom,STOXX600,2026-05-22,HLM
HLMA.L,Halma plc,EU,GBP,Industrial Goods and Services,,United Kingdom,STOXX600,2026-05-22,HLMA
HLT,Hilton Worldwide,US,USD,Consumer Discretionary,"Hotels, Resorts & Cruise Lines","Tysons Corner, Virginia",SP500,2026-05-22,HLT
HMB.ST,H&M,EU,SEK,Retail,,Sweden,STOXX600,2026-05-22,HMB
HNR.DE,Hannover Re,EU,EUR,Insurance,,Germany,STOXX600,2026-05-22,HNR
HOLN.SW,Holcim,EU,CHF,Construction and Materials,,Switzerland,STOXX600,2026-05-22,HOLN
HON,Honeywell,US,USD,Industrials,Industrial Conglomerates,"Charlotte, North Carolina",SP500,2026-05-22,HON
HOOD,Robinhood Markets,US,USD,Financials,Investment Banking & Brokerage,"Menlo Park, California",SP500,2026-05-22,HOOD
HPE,Hewlett Packard Enterprise,US,USD,Information Technology,"Technology Hardware, Storage & Peripherals","Houston, Texas",SP500,2026-05-22,HPE
HPQ,HP Inc.,US,USD,Information Technology,"Technology Hardware, Storage & Peripherals","Palo Alto, California",SP500,2026-05-22,HPQ
HRL,Hormel Foods,US,USD,Consumer Staples,Packaged Foods & Meats,"Austin, Minnesota",SP500,2026-05-22,HRL
HSBA.L,HSBC,EU,GBP,Banks,,United Kingdom,STOXX600,2026-05-22,HSBA
HSIC,Henry Schein,US,USD,Health Care,Health Care Distributors,"Melville, New York",SP500,2026-05-22,HSIC
HST,Host Hotels & Resorts,US,USD,Real Estate,Hotel & Resort REITs,"Bethesda, Maryland",SP500,2026-05-22,HST
HSX.DE,Hiscox,EU,EUR,Insurance,,Bermuda,STOXX600,2026-05-22,HSX
HSY,Hershey Company (The),US,USD,Consumer Staples,Packaged Foods & Meats,"Hershey, Pennsylvania",SP500,2026-05-22,HSY
HUBB,Hubbell Incorporated,US,USD,Industrials,Industrial Machinery & Supplies & Components,"Shelton, Connecticut",SP500,2026-05-22,HUBB
HUM,Humana,US,USD,Health Care,Managed Health Care,"Louisville, Kentucky",SP500,2026-05-22,HUM
HUSQ-B.ST,Husqvarna,EU,SEK,Consumer Products and Services,,Sweden,STOXX600,2026-05-22,HUSQ B
HWDN.L,Howden Joinery,EU,GBP,Retail,,United Kingdom,STOXX600,2026-05-22,HWDN
HWM,Howmet Aerospace,US,USD,Industrials,Aerospace & Defense,"Pittsburgh, Pennsylvania",SP500,2026-05-22,HWM
IAG.L,International Airlines Group,EU,GBP,Travel and Leisure,,United Kingdom,STOXX600,2026-05-22,IAG
IBE.MC,Iberdrola,EU,EUR,Utilities,,Spain,STOXX600,2026-05-22,IBE
IBKR,Interactive Brokers,US,USD,Financials,Investment Banking & Brokerage,"Greenwich, Connecticut",SP500,2026-05-22,IBKR
IBM,IBM,US,USD,Information Technology,IT Consulting & Other Services,"Armonk, New York",SP500,2026-05-22,IBM
ICE,Intercontinental Exchange,US,USD,Financials,Financial Exchanges & Data,"Atlanta, Georgia",SP500,2026-05-22,ICE
ICP.L,Intermediate Capital Group,EU,GBP,Financial Services,,United Kingdom,STOXX600,2026-05-22,ICP
IDP.MI,Interpump Group,EU,EUR,Industrial Goods and Services,,Italy,STOXX600,2026-05-22,IDP
IDXX,Idexx Laboratories,US,USD,Health Care,Health Care Equipment,"Westbrook, Maine",SP500,2026-05-22,IDXX
IEX,IDEX Corporation,US,USD,Industrials,Industrial Machinery & Supplies & Components,"Northbrook, Illinois",SP500,2026-05-22,IEX
IFF,International Flavors & Fragrances,US,USD,Materials,Specialty Chemicals,"New York City, New York",SP500,2026-05-22,IFF
IFX.DE,Infineon Technologies,EU,EUR,Technology,,Germany,STOXX600,2026-05-22,IFX
IGGI.L,IG Group,EU,GBP,Financial Services,,United Kingdom,STOXX600,2026-05-22,IGGI
IHG.L,InterContinental Hotels Group,EU,GBP,Travel and Leisure,,United Kingdom,STOXX600,2026-05-22,IHG
III.L,3i,EU,GBP,Financial Services,,United Kingdom,STOXX600,2026-05-22,III
IMB.L,Imperial Brands,EU,GBP,"Food, Beverage and Tobacco",,United Kingdom,STOXX600,2026-05-22,IMB
IMI.L,IMI,EU,GBP,Industrial Goods and Services,,United Kingdom,STOXX600,2026-05-22,IMI
INCH.L,Inchcape,EU,GBP,Retail,,United Kingdom,STOXX600,2026-05-22,INCH
INCY,Incyte,US,USD,Health Care,Biotechnology,"Wilmington, Delaware",SP500,2026-05-22,INCY
INDT.ST,Indutrade,EU,SEK,Industrial Goods and Services,,Sweden,STOXX600,2026-05-22,INDT
INDV.L,Indivior,EU,GBP,Health Care,,United Kingdom,STOXX600,2026-05-22,INDV
INF.L,Informa,EU,GBP,Media,,United Kingdom,STOXX600,2026-05-22,INF
INGA.AS,ING Group,EU,EUR,Banks,,Netherlands,STOXX600,2026-05-22,INGA
INP.L,Investec,EU,GBP,Financial Services,,United Kingdom,STOXX600,2026-05-22,INP
INPST.LU,InPost,EU,EUR,Industrial Goods and Services,,Luxembourg,STOXX600,2026-05-22,INPST
INTC,Intel,US,USD,Information Technology,Semiconductors,"Santa Clara, California",SP500,2026-05-22,INTC
INTU,Intuit,US,USD,Information Technology,Application Software,"Mountain View, California",SP500,2026-05-22,INTU
INVH,Invitation Homes,US,USD,Real Estate,Single-Family Residential REITs,"Dallas, Texas",SP500,2026-05-22,INVH
IP,International Paper,US,USD,Materials,Paper & Plastic Packaging Products & Materials,"Memphis, Tennessee",SP500,2026-05-22,IP
IPN.PA,Ipsen,EU,EUR,Health Care,,France,STOXX600,2026-05-22,IPN
IPX.PA,Ipsos,EU,EUR,Media,,France,STOXX600,2026-05-22,IPX
IQV,IQVIA,US,USD,Health Care,Life Sciences Tools & Services,"Durham, North Carolina",SP500,2026-05-22,IQV
IR,Ingersoll Rand,US,USD,Industrials,Industrial Machinery & Supplies & Components,"Davidson, North Carolina",SP500,2026-05-22,IR
IRM,Iron Mountain,US,USD,Real Estate,Other Specialized REITs,"Portsmouth, New Hampshire",SP500,2026-05-22,IRM
ISP.MI,Intesa Sanpaolo,EU,EUR,Banks,,Italy,STOXX600,2026-05-22,ISP
ISRG,Intuitive Surgical,US,USD,Health Care,Health Care Equipment,"Sunnyvale, California",SP500,2026-05-22,ISRG
IT,Gartner,US,USD,Information Technology,IT Consulting & Other Services,"Stamford, Connecticut",SP500,2026-05-22,IT
ITRK.L,Intertek,EU,GBP,Industrial Goods and Services,,United Kingdom,STOXX600,2026-05-22,ITRK
ITV.L,ITV,EU,GBP,Media,,United Kingdom,STOXX600,2026-05-22,ITV
ITW,Illinois Tool Works,US,USD,Industrials,Industrial Machinery & Supplies & Components,"Glenview, Illinois",SP500,2026-05-22,ITW
ITX.MC,Inditex,EU,EUR,Retail,,Spain,STOXX600,2026-05-22,ITX
IVZ,Invesco,US,USD,Financials,Asset Management & Custody Banks,"Atlanta, Georgia",SP500,2026-05-22,IVZ
J,Jacobs Solutions,US,USD,Industrials,Construction & Engineering,"Dallas, Texas",SP500,2026-05-22,J
JBHT,J.B. Hunt,US,USD,Industrials,Cargo Ground Transportation,"Lowell, Arkansas",SP500,2026-05-22,JBHT
JBL,Jabil,US,USD,Information Technology,Electronic Manufacturing Services,"St. Petersburg, Florida",SP500,2026-05-22,JBL
JCI,Johnson Controls,US,USD,Industrials,Building Products,"Cork, Ireland",SP500,2026-05-22,JCI
JD.L,JD Sports,EU,GBP,Retail,,United Kingdom,STOXX600,2026-05-22,JD
JKHY,Jack Henry & Associates,US,USD,Financials,Transaction & Payment Processing Services,"Monett, Missouri",SP500,2026-05-22,JKHY
JMAT.L,Johnson Matthey,EU,GBP,Chemicals,,United Kingdom,STOXX600,2026-05-22,JMAT
JMT.LS,Jerónimo Martins,EU,EUR,Retail,,Portugal,STOXX600,2026-05-22,JMT
JNJ,Johnson & Johnson,US,USD,Health Care,Pharmaceuticals,"New Brunswick, New Jersey",SP500,2026-05-22,JNJ
JPM,JPMorgan Chase,US,USD,Financials,Diversified Banks,"New York City, New York",SP500,2026-05-22,JPM
JUST.AS,Just Eat Takeaway,EU,EUR,Retail,,Netherlands,STOXX600,2026-05-22,JUST
KBC.BR,KBC Group,EU,EUR,Banks,,Belgium,STOXX600,2026-05-22,KBC
KDP,Keurig Dr Pepper,US,USD,Consumer Staples,Soft Drinks & Non-alcoholic Beverages,"Burlington, Massachusetts",SP500,2026-05-22,KDP
KER.PA,Kering,EU,EUR,Consumer Products and Services,,France,STOXX600,2026-05-22,KER
KEY,KeyCorp,US,USD,Financials,Regional Banks,"Cleveland, Ohio",SP500,2026-05-22,KEY
KEYS,Keysight Technologies,US,USD,Information Technology,Electronic Equipment & Instruments,"Santa Rosa, California",SP500,2026-05-22,KEYS
KGF.L,Kingfisher plc,EU,GBP,Retail,,United Kingdom,STOXX600,2026-05-22,KGF
KHC,Kraft Heinz,US,USD,Consumer Staples,Packaged Foods & Meats,"Chicago, Illinois; Pittsburgh, Pennsylvania",SP500,2026-05-22,KHC
KIM,Kimco Realty,US,USD,Real Estate,Retail REITs,"Jericho, New York",SP500,2026-05-22,KIM
KKR,KKR & Co.,US,USD,Financials,Asset Management & Custody Banks,"New York City, New York",SP500,2026-05-22,KKR
KLAC,KLA Corporation,US,USD,Information Technology,Semiconductor Materials & Equipment,"Milpitas, California",SP500,2026-05-22,KLAC
KMB,Kimberly-Clark,US,USD,Consumer Staples,Household Products,"Irving, Texas",SP500,2026-05-22,KMB
KMI,Kinder Morgan,US,USD,Energy,Oil & Gas Storage & Transportation,"Houston, Texas",SP500,2026-05-22,KMI
KNEBV.HE,Kone,EU,EUR,Industrial Goods and Services,,Finland,STOXX600,2026-05-22,KNEBV
KNIN.SW,Kuehne + Nagel,EU,CHF,Industrial Goods and Services,,Switzerland,STOXX600,2026-05-22,KNIN
KO,Coca-Cola Company (The),US,USD,Consumer Staples,Soft Drinks & Non-alcoholic Beverages,"Atlanta, Georgia",SP500,2026-05-22,KO
KPN.AS,KPN,EU,EUR,Telecommunications,,Netherlands,STOXX600,2026-05-22,KPN
KR,Kroger,US,USD,Consumer Staples,Food Retail,"Cincinnati, Ohio",SP500,2026-05-22,KR
KVUE,Kenvue,US,USD,Consumer Staples,Personal Care Products,"Skillman, New Jersey",SP500,2026-05-22,KVUE
L,Loews Corporation,US,USD,Financials,Multi-line Insurance,"New York City, New York",SP500,2026-05-22,L
LAND.L,Land Securities,EU,GBP,Real Estate,,United Kingdom,STOXX600,2026-05-22,LAND
LANV.PA,Lanvin Group,EU,EUR,Consumer Products and Services,,France,STOXX600,2026-05-22,LANV
LDO.MI,Leonardo,EU,EUR,Industrial Goods and Services,,Italy,STOXX600,2026-05-22,LDO
LDOS,Leidos,US,USD,Industrials,Diversified Support Services,"Reston, Virginia",SP500,2026-05-22,LDOS
LEG.DE,LEG Immobilien,EU,EUR,Real Estate,,Germany,STOXX600,2026-05-22,LEG
LEN,Lennar,US,USD,Consumer Discretionary,Homebuilding,"Miami, Florida",SP500,2026-05-22,LEN
LGEN.L,Legal & General,EU,GBP,Insurance,,United Kingdom,STOXX600,2026-05-22,LGEN
LH,Labcorp,US,USD,Health Care,Health Care Services,"Burlington, North Carolina",SP500,2026-05-22,LH
LHA.DE,Lufthansa,EU,EUR,Travel and Leisure,,Germany,STOXX600,2026-05-22,LHA
LHX,L3Harris,US,USD,Industrials,Aerospace & Defense,"Melbourne, Florida",SP500,2026-05-22,LHX
LIF.IR,LifeCo,EU,EUR,Insurance,,Ireland,STOXX600,2026-05-22,LIF
LIGHT.AS,Signify,EU,EUR,Construction and Materials,,Netherlands,STOXX600,2026-05-22,LIGHT
LII,Lennox International,US,USD,Industrials,Building Products,"Richardson, Texas",SP500,2026-05-22,LII
LIN,Linde plc,US,USD,Materials,Industrial Gases,"Guildford, United Kingdom",SP500,2026-05-22,LIN
LISN.SW,Lindt & Sprüngli,EU,CHF,"Food, Beverage and Tobacco",,Switzerland,STOXX600,2026-05-22,LISN
LITE,Lumentum,US,USD,Information Technology,Communications Equipment,"San Jose, California",SP500,2026-05-22,LITE
LLOY.L,Lloyds Banking Group,EU,GBP,Banks,,United Kingdom,STOXX600,2026-05-22,LLOY
LLY,Lilly (Eli),US,USD,Health Care,Pharmaceuticals,"Indianapolis, Indiana",SP500,2026-05-22,LLY
LMT,Lockheed Martin,US,USD,Industrials,Aerospace & Defense,"Bethesda, Maryland",SP500,2026-05-22,LMT
LNT,Alliant Energy,US,USD,Utilities,Electric Utilities,"Madison, Wisconsin",SP500,2026-05-22,LNT
LOGN.SW,Logitech,EU,CHF,Technology,,Switzerland,STOXX600,2026-05-22,LOGN
LONN.SW,Lonza Group,EU,CHF,Health Care,,Switzerland,STOXX600,2026-05-22,LONN
LOW,Lowe's,US,USD,Consumer Discretionary,Home Improvement Retail,"Mooresville, North Carolina",SP500,2026-05-22,LOW
LPP.WA,LPP,EU,PLN,Consumer Products and Services,,Poland,STOXX600,2026-05-22,LPP
LRCX,Lam Research,US,USD,Information Technology,Semiconductor Materials & Equipment,"Fremont, California",SP500,2026-05-22,LRCX
LSEG.L,London Stock Exchange Group,EU,GBP,Financial Services,,United Kingdom,STOXX600,2026-05-22,LSEG
LSG.OL,Lerøy Seafood,EU,NOK,"Food, Beverage and Tobacco",,Norway,STOXX600,2026-05-22,LSG
LULU,Lululemon Athletica,US,USD,Consumer Discretionary,"Apparel, Accessories & Luxury Goods","Vancouver, Canada",SP500,2026-05-22,LULU
LUMI.PA,Lumibird,EU,EUR,Technology,,France,STOXX600,2026-05-22,LUMI
LUN.ST,Lundin Energy,EU,SEK,Energy,,Sweden,STOXX600,2026-05-22,LUN
LUV,Southwest Airlines,US,USD,Industrials,Passenger Airlines,"Dallas, Texas",SP500,2026-05-22,LUV
LVS,Las Vegas Sands,US,USD,Consumer Discretionary,Casinos & Gaming,"Las Vegas, Nevada",SP500,2026-05-22,LVS
LXS.DE,Lanxess,EU,EUR,Chemicals,,Germany,STOXX600,2026-05-22,LXS
LYB,LyondellBasell,US,USD,Materials,Specialty Chemicals,"Rotterdam, Netherlands",SP500,2026-05-22,LYB
LYV,Live Nation Entertainment,US,USD,Communication Services,Movies & Entertainment,"Beverly Hills, California",SP500,2026-05-22,LYV
MA,Mastercard,US,USD,Financials,Transaction & Payment Processing Services,"Harrison, New York",SP500,2026-05-22,MA
MAA,Mid-America Apartment Communities,US,USD,Real Estate,Multi-Family Residential REITs,"Memphis, Tennessee",SP500,2026-05-22,MAA
MAERSK-B.CO,Maersk,EU,DKK,Industrial Goods and Services,,Denmark,STOXX600,2026-05-22,MAERSK B
MAN.DE,MAN SE,EU,EUR,Industrial Goods and Services,,Germany,STOXX600,2026-05-22,MAN
MAR,Marriott International,US,USD,Consumer Discretionary,"Hotels, Resorts & Cruise Lines","Bethesda, Maryland",SP500,2026-05-22,MAR
MAS,Masco,US,USD,Industrials,Building Products,"Livonia, Michigan",SP500,2026-05-22,MAS
MB.MI,Mediobanca,EU,EUR,Financial Services,,Italy,STOXX600,2026-05-22,MB
MBG.DE,Mercedes-Benz Group,EU,EUR,Automobiles and Parts,,Germany,STOXX600,2026-05-22,MBG
MC.PA,LVMH,EU,EUR,Consumer Products and Services,,France,STOXX600,2026-05-22,MC
MCD,McDonald's,US,USD,Consumer Discretionary,Restaurants,"Chicago, Illinois",SP500,2026-05-22,MCD
MCG.L,Mobico Group,EU,GBP,Travel and Leisure,,United Kingdom,STOXX600,2026-05-22,MCG
MCHP,Microchip Technology,US,USD,Information Technology,Semiconductors,"Chandler, Arizona",SP500,2026-05-22,MCHP
MCK,McKesson Corporation,US,USD,Health Care,Health Care Distributors,"Irving, Texas",SP500,2026-05-22,MCK
MCO,Moody's Corporation,US,USD,Financials,Financial Exchanges & Data,"New York City, New York",SP500,2026-05-22,MCO
MDLZ,Mondelez International,US,USD,Consumer Staples,Packaged Foods & Meats,"Chicago, Illinois",SP500,2026-05-22,MDLZ
MDT,Medtronic,US,USD,Health Care,Health Care Equipment,"Galway, Ireland",SP500,2026-05-22,MDT
MEL.MC,Meliá Hotels,EU,EUR,Travel and Leisure,,Spain,STOXX600,2026-05-22,MEL
MELE.BR,Melexis,EU,EUR,Technology,,Belgium,STOXX600,2026-05-22,MELE
MET,MetLife,US,USD,Financials,Life & Health Insurance,"New York City, New York",SP500,2026-05-22,MET
META,Meta Platforms,US,USD,Communication Services,Interactive Media & Services,"Menlo Park, California",SP500,2026-05-22,META
METSO.HE,Metso,EU,EUR,Industrial Goods and Services,,Finland,STOXX600,2026-05-22,METSO
MGG.L,M&G,EU,GBP,Financial Services,,United Kingdom,STOXX600,2026-05-22,MGG
MGM,MGM Resorts,US,USD,Consumer Discretionary,Casinos & Gaming,"Paradise, Nevada",SP500,2026-05-22,MGM
MICP.PA,Michelin,EU,EUR,Automobiles and Parts,,France,STOXX600,2026-05-22,MICP
MKC,McCormick & Company,US,USD,Consumer Staples,Packaged Foods & Meats,"Hunt Valley, Maryland",SP500,2026-05-22,MKC
MKS.L,Marks & Spencer,EU,GBP,Retail,,United Kingdom,STOXX600,2026-05-22,MKS
MLM,Martin Marietta Materials,US,USD,Materials,Construction Materials,"Raleigh, North Carolina",SP500,2026-05-22,MLM
MMM,3M,US,USD,Industrials,Industrial Conglomerates,"Saint Paul, Minnesota",SP500,2026-05-22,MMM
MNDI.L,Mondi,EU,GBP,Industrial Goods and Services,,United Kingdom,STOXX600,2026-05-22,MNDI
MNG.L,M&G,EU,GBP,Financial Services,,United Kingdom,STOXX600,2026-05-22,MNG
MNST,Monster Beverage,US,USD,Consumer Staples,Soft Drinks & Non-alcoholic Beverages,"Corona, California",SP500,2026-05-22,MNST
MO,Altria,US,USD,Consumer Staples,Tobacco,"Richmond, Virginia",SP500,2026-05-22,MO
MONC.MI,Moncler,EU,EUR,Consumer Products and Services,,Italy,STOXX600,2026-05-22,MONC
MONY.L,Moneysupermarket.com,EU,GBP,Media,,United Kingdom,STOXX600,2026-05-22,MONY
MOR.DE,MorphoSys,EU,EUR,Health Care,,Germany,STOXX600,2026-05-22,MOR
MOS,Mosaic Company (The),US,USD,Materials,Fertilizers & Agricultural Chemicals,"Tampa, Florida",SP500,2026-05-22,MOS
MPC,Marathon Petroleum,US,USD,Energy,Oil & Gas Refining & Marketing,"Findlay, Ohio",SP500,2026-05-22,MPC
MPWR,Monolithic Power Systems,US,USD,Information Technology,Semiconductors,"Kirkland, Washington",SP500,2026-05-22,MPWR
MRK,Merck & Co.,US,USD,Health Care,Pharmaceuticals,"Kenilworth, New Jersey",SP500,2026-05-22,MRK
MRL.MC,Merlin Properties,EU,EUR,Real Estate,,Spain,STOXX600,2026-05-22,MRL
MRNA,Moderna,US,USD,Health Care,Biotechnology,"Cambridge, Massachusetts",SP500,2026-05-22,MRNA
MRSH,Marsh McLennan,US,USD,Financials,Insurance Brokers,"New York City, New York",SP500,2026-05-22,MRSH
MRW.L,Morrisons,EU,GBP,Retail,,United Kingdom,STOXX600,2026-05-22,MRW
MS,Morgan Stanley,US,USD,Financials,Investment Banking & Brokerage,"New York City, New York",SP500,2026-05-22,MS
MSCI,MSCI Inc.,US,USD,Financials,Financial Exchanges & Data,"New York City, New York",SP500,2026-05-22,MSCI
MSFT,Microsoft,US,USD,Information Technology,Systems Software,"Redmond, Washington",SP500,2026-05-22,MSFT
MSI,Motorola Solutions,US,USD,Information Technology,Communications Equipment,"Chicago, Illinois",SP500,2026-05-22,MSI
MT.LU,ArcelorMittal,EU,EUR,Basic Resources,,Luxembourg,STOXX600,2026-05-22,MT
MTB,M&T Bank,US,USD,Financials,Regional Banks,"Buffalo, New York",SP500,2026-05-22,MTB
MTD,Mettler Toledo,US,USD,Health Care,Life Sciences Tools & Services,"Columbus, Ohio",SP500,2026-05-22,MTD
MTX.DE,MTU Aero Engines,EU,EUR,Industrial Goods and Services,,Germany,STOXX600,2026-05-22,MTX
MU,Micron Technology,US,USD,Information Technology,Semiconductors,"Boise, Idaho",SP500,2026-05-22,MU
MUV2.DE,Munich Re,EU,EUR,Insurance,,Germany,STOXX600,2026-05-22,MUV2
NAB.AT,National Bank of Greece,EU,EUR,Banks,,Greece,STOXX600,2026-05-22,NAB
NCLH,Norwegian Cruise Line Holdings,US,USD,Consumer Discretionary,"Hotels, Resorts & Cruise Lines","Miami-Dade County, Florida[4]",SP500,2026-05-22,NCLH
NDA-FI.HE,Nordea,EU,EUR,Banks,,Finland,STOXX600,2026-05-22,NDA FI
NDA-SE.HE,Nordea,EU,EUR,Banks,,Finland,STOXX600,2026-05-22,NDA SE
NDAQ,"Nasdaq, Inc.",US,USD,Financials,Financial Exchanges & Data,"New York City, New York",SP500,2026-05-22,NDAQ
NDSN,Nordson Corporation,US,USD,Industrials,Industrial Machinery & Supplies & Components,"Westlake, Ohio",SP500,2026-05-22,NDSN
NEE,NextEra Energy,US,USD,Utilities,Multi-Utilities,"Juno Beach, Florida",SP500,2026-05-22,NEE
NEM,Newmont,US,USD,Materials,Gold,"Denver, Colorado",SP500,2026-05-22,NEM
NEOEN.PA,Neoen,EU,EUR,Utilities,,France,STOXX600,2026-05-22,NEOEN
NESN.SW,Nestlé,EU,CHF,"Food, Beverage and Tobacco",,Switzerland,STOXX600,2026-05-22,NESN
NEX.PA,Nexans,EU,EUR,Industrial Goods and Services,,France,STOXX600,2026-05-22,NEX
NEXI.MI,Nexi,EU,EUR,Industrial Goods and Services,,Italy,STOXX600,2026-05-22,NEXI
NFLX,Netflix,US,USD,Communication Services,Movies & Entertainment,"Los Gatos, California",SP500,2026-05-22,NFLX
NG.L,National Grid,EU,GBP,Utilities,,United Kingdom,STOXX600,2026-05-22,NG
NGG.L,National Grid,EU,GBP,Utilities,,United Kingdom,STOXX600,2026-05-22,NGG
NHY.OL,Norsk Hydro,EU,NOK,Basic Resources,,Norway,STOXX600,2026-05-22,NHY
NI,NiSource,US,USD,Utilities,Multi-Utilities,"Merrillville, Indiana",SP500,2026-05-22,NI
NIBE-B.ST,Nibe Industrier,EU,SEK,Construction and Materials,,Sweden,STOXX600,2026-05-22,NIBE B
NKE,"Nike, Inc.",US,USD,Consumer Discretionary,"Apparel, Accessories & Luxury Goods","Washington County, Oregon",SP500,2026-05-22,NKE
NN.AS,NN Group,EU,EUR,Insurance,,Netherlands,STOXX600,2026-05-22,NN
NOC,Northrop Grumman,US,USD,Industrials,Aerospace & Defense,"West Falls Church, Virginia[3]",SP500,2026-05-22,NOC
NOKIA.HE,Nokia,EU,EUR,Technology,,Finland,STOXX600,2026-05-22,NOKIA
NOV-N.SW,Novartis,EU,CHF,Health Care,,Switzerland,STOXX600,2026-05-22,NOV N
NOVO-B.CO,Novo Nordisk,EU,DKK,Health Care,,Denmark,STOXX600,2026-05-22,NOVO B
NOW,ServiceNow,US,USD,Information Technology,Systems Software,"Santa Clara, California",SP500,2026-05-22,NOW
NRG,NRG Energy,US,USD,Utilities,Independent Power Producers & Energy Traders,"Houston, Texas",SP500,2026-05-22,NRG
NSC,Norfolk Southern,US,USD,Industrials,Rail Transportation,"Atlanta, Georgia",SP500,2026-05-22,NSC
NSN.HE,Neste,EU,EUR,Energy,,Finland,STOXX600,2026-05-22,NSN
NTAP,NetApp,US,USD,Information Technology,"Technology Hardware, Storage & Peripherals","San Jose, California",SP500,2026-05-22,NTAP
NTGY.MC,Naturgy,EU,EUR,Utilities,,Spain,STOXX600,2026-05-22,NTGY
NTRS,Northern Trust,US,USD,Financials,Asset Management & Custody Banks,"Chicago, Illinois",SP500,2026-05-22,NTRS
NUE,Nucor,US,USD,Materials,Steel,"Charlotte, North Carolina",SP500,2026-05-22,NUE
NVDA,Nvidia,US,USD,Information Technology,Semiconductors,"Santa Clara, California",SP500,2026-05-22,NVDA
NVR,"NVR, Inc.",US,USD,Consumer Discretionary,Homebuilding,"Reston, Virginia",SP500,2026-05-22,NVR
NWG.L,NatWest Group,EU,GBP,Banks,,United Kingdom,STOXX600,2026-05-22,NWG
NWS,News Corp (Class B),US,USD,Communication Services,Publishing,"New York City, New York",SP500,2026-05-22,NWS
NWSA,News Corp (Class A),US,USD,Communication Services,Publishing,"New York City, New York",SP500,2026-05-22,NWSA
NXPI,NXP Semiconductors,US,USD,Information Technology,Semiconductors,"Eindhoven, Netherlands",SP500,2026-05-22,NXPI
NXT.L,Next plc,EU,GBP,Retail,,United Kingdom,STOXX600,2026-05-22,NXT
O,Realty Income,US,USD,Real Estate,Retail REITs,"San Diego, California",SP500,2026-05-22,O
OCDO.L,Ocado,EU,GBP,Retail,,United Kingdom,STOXX600,2026-05-22,OCDO
OCI.AS,OCI,EU,EUR,Chemicals,,Netherlands,STOXX600,2026-05-22,OCI
ODFL,Old Dominion,US,USD,Industrials,Cargo Ground Transportation,"Thomasville, North Carolina",SP500,2026-05-22,ODFL
OERL.SW,Oerlikon,EU,CHF,Industrial Goods and Services,,Switzerland,STOXX600,2026-05-22,OERL
OKE,Oneok,US,USD,Energy,Oil & Gas Storage & Transportation,"Tulsa, Oklahoma",SP500,2026-05-22,OKE
OMC,Omnicom Group,US,USD,Communication Services,Advertising,"New York City, New York",SP500,2026-05-22,OMC
OMV.VI,OMV,EU,EUR,Energy,,Austria,STOXX600,2026-05-22,OMV
ON,ON Semiconductor,US,USD,Information Technology,Semiconductors,"Phoenix, Arizona",SP500,2026-05-22,ON
ONT.BR,Ontex,EU,EUR,"Personal Care, Drug and Grocery Stores",,Belgium,STOXX600,2026-05-22,ONT
OR.PA,L'Oréal,EU,EUR,"Personal Care, Drug and Grocery Stores",,France,STOXX600,2026-05-22,OR
ORA.PA,Orange S.A.,EU,EUR,Telecommunications,,France,STOXX600,2026-05-22,ORA
ORAN.PA,Orange S.A.,EU,EUR,Telecommunications,,France,STOXX600,2026-05-22,ORAN
ORCL,Oracle Corporation,US,USD,Information Technology,Application Software,"Austin, Texas",SP500,2026-05-22,ORCL
OREP.PA,L'Oréal,EU,EUR,Consumer Products and Services,,France,STOXX600,2026-05-22,OREP
ORK.OL,Orkla ASA,EU,NOK,"Food, Beverage and Tobacco",,Norway,STOXX600,2026-05-22,ORK
ORLY,O’Reilly Automotive,US,USD,Consumer Discretionary,Automotive Retail,"Springfield, Missouri",SP500,2026-05-22,ORLY
ORSTED.CO,Ørsted,EU,DKK,Utilities,,Denmark,STOXX600,2026-05-22,ORSTED
OTIS,Otis Worldwide,US,USD,Industrials,Industrial Machinery & Supplies & Components,"Farmington, Connecticut",SP500,2026-05-22,OTIS
OXY,Occidental Petroleum,US,USD,Energy,Oil & Gas Exploration & Production,"Houston, Texas",SP500,2026-05-22,OXY
P911.DE,Porsche,EU,EUR,Automobiles and Parts,,Germany,STOXX600,2026-05-22,P911
PAH3.DE,Porsche SE,EU,EUR,Automobiles and Parts,,Germany,STOXX600,2026-05-22,PAH3
PANDORA.CO,Pandora,EU,DKK,Consumer Products and Services,,Denmark,STOXX600,2026-05-22,PANDORA
PANW,Palo Alto Networks,US,USD,Information Technology,Systems Software,"Santa Clara, California",SP500,2026-05-22,PANW
PAYX,Paychex,US,USD,Industrials,Human Resource & Employment Services,"Penfield, New York",SP500,2026-05-22,PAYX
PBB.DE,Deutsche Pfandbriefbank,EU,EUR,Banks,,Germany,STOXX600,2026-05-22,PBB
PCAR,Paccar,US,USD,Industrials,Construction Machinery & Heavy Transportation Equipment,"Bellevue, Washington",SP500,2026-05-22,PCAR
PCG,PG&E Corporation,US,USD,Utilities,Multi-Utilities,"Oakland, California",SP500,2026-05-22,PCG
PEG,Public Service Enterprise Group,US,USD,Utilities,Electric Utilities,"Newark, New Jersey",SP500,2026-05-22,PEG
PEP,PepsiCo,US,USD,Consumer Staples,Soft Drinks & Non-alcoholic Beverages,"Purchase, New York",SP500,2026-05-22,PEP
PERP.PA,Pernod Ricard,EU,EUR,"Food, Beverage and Tobacco",,France,STOXX600,2026-05-22,PERP
PFE,Pfizer,US,USD,Health Care,Pharmaceuticals,"New York City, New York",SP500,2026-05-22,PFE
PFG,Principal Financial Group,US,USD,Financials,Life & Health Insurance,"Des Moines, Iowa",SP500,2026-05-22,PFG
PG,Procter & Gamble,US,USD,Consumer Staples,Personal Care Products,"Cincinnati, Ohio",SP500,2026-05-22,PG
PGHN.SW,Partners Group,EU,CHF,Financial Services,,Switzerland,STOXX600,2026-05-22,PGHN
PGR,Progressive Corporation,US,USD,Financials,Property & Casualty Insurance,"Mayfield Village, Ohio",SP500,2026-05-22,PGR
PH,Parker Hannifin,US,USD,Industrials,Industrial Machinery & Supplies & Components,"Cleveland, Ohio",SP500,2026-05-22,PH
PHM,PulteGroup,US,USD,Consumer Discretionary,Homebuilding,"Atlanta, Georgia",SP500,2026-05-22,PHM
PHNX.L,Phoenix Group,EU,GBP,Insurance,,United Kingdom,STOXX600,2026-05-22,PHNX
PIRC.MI,Pirelli,EU,EUR,Automobiles and Parts,,Italy,STOXX600,2026-05-22,PIRC
PKG,Packaging Corporation of America,US,USD,Materials,Paper & Plastic Packaging Products & Materials,"Lake Forest, Illinois",SP500,2026-05-22,PKG
PLD,Prologis,US,USD,Real Estate,Industrial REITs,"San Francisco, California",SP500,2026-05-22,PLD
PLPH.SW,PolyPeptide,EU,CHF,Health Care,,Switzerland,STOXX600,2026-05-22,PLPH
PLTR,Palantir Technologies,US,USD,Information Technology,Application Software,"Aventura, Florida",SP500,2026-05-22,PLTR
PM,Philip Morris International,US,USD,Consumer Staples,Tobacco,"New York City, New York",SP500,2026-05-22,PM
PNC,PNC Financial Services,US,USD,Financials,Diversified Banks,"Pittsburgh, Pennsylvania",SP500,2026-05-22,PNC
PNL.AS,PostNL,EU,EUR,Industrial Goods and Services,,Netherlands,STOXX600,2026-05-22,PNL
PNN.L,Pennon Group,EU,GBP,Utilities,,United Kingdom,STOXX600,2026-05-22,PNN
PNR,Pentair,US,USD,Industrials,Industrial Machinery & Supplies & Components,"Worsley, United Kingdom",SP500,2026-05-22,PNR
PNW,Pinnacle West Capital,US,USD,Utilities,Multi-Utilities,"Phoenix, Arizona",SP500,2026-05-22,PNW
PODD,Insulet Corporation,US,USD,Health Care,Health Care Equipment,"Acton, Massachusetts",SP500,2026-05-22,PODD
POOL,Pool Corporation,US,USD,Consumer Discretionary,Distributors,"Covington, Louisiana",SP500,2026-05-22,POOL
PPG,PPG Industries,US,USD,Materials,Specialty Chemicals,"Pittsburgh, Pennsylvania",SP500,2026-05-22,PPG
PPL,PPL Corporation,US,USD,Utilities,Electric Utilities,"Allentown, Pennsylvania",SP500,2026-05-22,PPL
PROX.BR,Proximus,EU,EUR,Telecommunications,,Belgium,STOXX600,2026-05-22,PROX
PRU,Prudential Financial,US,USD,Financials,Life & Health Insurance,"Newark, New Jersey",SP500,2026-05-22,PRU
PRY.MI,Prysmian,EU,EUR,Industrial Goods and Services,,Italy,STOXX600,2026-05-22,PRY
PSA,Public Storage,US,USD,Real Estate,Self-Storage REITs,"Glendale, California",SP500,2026-05-22,PSA
PSKY,Paramount Skydance Corporation,US,USD,Communication Services,Movies & Entertainment,"Los Angeles, California",SP500,2026-05-22,PSKY
PSN.L,Persimmon plc,EU,GBP,Consumer Products and Services,,United Kingdom,STOXX600,2026-05-22,PSN
PSON.L,Pearson,EU,GBP,Media,,United Kingdom,STOXX600,2026-05-22,PSON
PST.MI,Poste Italiane,EU,EUR,Insurance,,Italy,STOXX600,2026-05-22,PST
PSX,Phillips 66,US,USD,Energy,Oil & Gas Refining & Marketing,"Houston, Texas",SP500,2026-05-22,PSX
PTC,PTC Inc.,US,USD,Information Technology,Application Software,"Boston, Massachusetts",SP500,2026-05-22,PTC
PUM.DE,Puma,EU,EUR,Consumer Products and Services,,Germany,STOXX600,2026-05-22,PUM
PWR,Quanta Services,US,USD,Industrials,Construction & Engineering,"Houston, Texas",SP500,2026-05-22,PWR
PYPL,PayPal,US,USD,Financials,Transaction & Payment Processing Services,"San Jose, California",SP500,2026-05-22,PYPL
Q,Qnity Electronics,US,USD,Information Technology,Semiconductor Materials & Equipment,"Wilmington, Delaware",SP500,2026-05-22,Q
QCOM,Qualcomm,US,USD,Information Technology,Semiconductors,"San Diego, California",SP500,2026-05-22,QCOM
QIA.AS,Qiagen,EU,EUR,Health Care,,Netherlands,STOXX600,2026-05-22,QIA
QLT.L,Quilter,EU,GBP,Financial Services,,United Kingdom,STOXX600,2026-05-22,QLT
RBI.VI,Raiffeisen Bank International,EU,EUR,Banks,,Austria,STOXX600,2026-05-22,RBI
RCL,Royal Caribbean Group,US,USD,Consumer Discretionary,"Hotels, Resorts & Cruise Lines","Miami, Florida",SP500,2026-05-22,RCL
RCO.PA,Rémy Cointreau,EU,EUR,"Food, Beverage and Tobacco",,France,STOXX600,2026-05-22,RCO
REC.MI,Recordati,EU,EUR,Health Care,,Italy,STOXX600,2026-05-22,REC
RED.MC,Redeia,EU,EUR,Utilities,,Spain,STOXX600,2026-05-22,RED
REG,Regency Centers,US,USD,Real Estate,Retail REITs,"Jacksonville, Florida",SP500,2026-05-22,REG
REGN,Regeneron Pharmaceuticals,US,USD,Health Care,Biotechnology,"Tarrytown, New York",SP500,2026-05-22,REGN
REL.L,RELX,EU,GBP,Media,,United Kingdom,STOXX600,2026-05-22,REL
RENA.PA,Renault,EU,EUR,Automobiles and Parts,,France,STOXX600,2026-05-22,RENA
REP.MC,Repsol,EU,EUR,Energy,,Spain,STOXX600,2026-05-22,REP
RF,Regions Financial Corporation,US,USD,Financials,Regional Banks,"Birmingham, Alabama",SP500,2026-05-22,RF
RHM.DE,Rheinmetall,EU,EUR,Industrial Goods and Services,,Germany,STOXX600,2026-05-22,RHM
RIGN.SW,Transocean,EU,CHF,Energy,,Switzerland,STOXX600,2026-05-22,RIGN
RIO.L,Rio Tinto Group,EU,GBP,Basic Resources,,United Kingdom,STOXX600,2026-05-22,RIO
RJF,Raymond James Financial,US,USD,Financials,Investment Banking & Brokerage,"St. Petersburg, Florida",SP500,2026-05-22,RJF
RKT.L,Reckitt,EU,GBP,"Personal Care, Drug and Grocery Stores",,United Kingdom,STOXX600,2026-05-22,RKT
RL,Ralph Lauren Corporation,US,USD,Consumer Discretionary,"Apparel, Accessories & Luxury Goods","New York City, New York",SP500,2026-05-22,RL
RMD,ResMed,US,USD,Health Care,Health Care Equipment,"San Diego, California",SP500,2026-05-22,RMD
RMS.PA,Hermès,EU,EUR,Consumer Products and Services,,France,STOXX600,2026-05-22,RMS
RMV.L,Rightmove,EU,GBP,Real Estate,,United Kingdom,STOXX600,2026-05-22,RMV
RNL.PA,Renault,EU,EUR,Automobiles and Parts,,France,STOXX600,2026-05-22,RNL
ROG.SW,Roche Holding,EU,CHF,Health Care,,Switzerland,STOXX600,2026-05-22,ROG
ROK,Rockwell Automation,US,USD,Industrials,Electrical Components & Equipment,"Milwaukee, Wisconsin",SP500,2026-05-22,ROK
ROL,"Rollins, Inc.",US,USD,Industrials,Environmental & Facilities Services,"Atlanta, Georgia",SP500,2026-05-22,ROL
ROP,Roper Technologies,US,USD,Information Technology,Electronic Equipment & Instruments,"Sarasota, Florida",SP500,2026-05-22,ROP
ROST,Ross Stores,US,USD,Consumer Discretionary,Apparel Retail,"Dublin, California",SP500,2026-05-22,ROST
RR.L,Rolls-Royce Holdings,EU,GBP,Industrial Goods and Services,,United Kingdom,STOXX600,2026-05-22,RR
RR.,Rolls-Royce,EU,EUR,Industrial Goods and Services,,United Kingdom,STOXX600,2026-05-22,RR.
RSG,Republic Services,US,USD,Industrials,Environmental & Facilities Services,"Phoenix, Arizona",SP500,2026-05-22,RSG
RTO.L,Rentokil Initial,EU,GBP,Industrial Goods and Services,,United Kingdom,STOXX600,2026-05-22,RTO
RTX,RTX Corporation,US,USD,Industrials,Aerospace & Defense,"Waltham, Massachusetts",SP500,2026-05-22,RTX
RVTY,Revvity,US,USD,Health Care,Health Care Equipment,"Waltham, Massachusetts",SP500,2026-05-22,RVTY
RWE.DE,RWE,EU,EUR,Utilities,,Germany,STOXX600,2026-05-22,RWE
RXL.PA,Rexel,EU,EUR,Industrial Goods and Services,,France,STOXX600,2026-05-22,RXL
S4.L,S4 Capital,EU,GBP,Media,,United Kingdom,STOXX600,2026-05-22,S4
SAB.MC,Banco Sabadell,EU,EUR,Banks,,Spain,STOXX600,2026-05-22,SAB
SAF.PA,Safran,EU,EUR,Industrial Goods and Services,,France,STOXX600,2026-05-22,SAF
SALM.OL,SalMar,EU,NOK,"Food, Beverage and Tobacco",,Norway,STOXX600,2026-05-22,SALM
SAMPO.HE,Sampo Group,EU,EUR,Insurance,,Finland,STOXX600,2026-05-22,SAMPO
SAN.MC,Banco Santander,EU,EUR,Banks,,Spain,STOXX600,2026-05-22,SAN
SAND.ST,Sandvik AB,EU,SEK,Industrial Goods and Services,,Sweden,STOXX600,2026-05-22,SAND
SANO.HE,Sanoma,EU,EUR,Media,,Finland,STOXX600,2026-05-22,SANO
SAP,SAP,EU,EUR,Technology,,Germany,STOXX600,2026-05-22,SAP
SASY.PA,Sanofi,EU,EUR,Health Care,,France,STOXX600,2026-05-22,SASY
SATS,EchoStar,US,USD,Communication Services,Wireless Telecommunication Services,"Englewood, Colorado",SP500,2026-05-22,SATS
SBAC,SBA Communications,US,USD,Real Estate,Telecom Tower REITs,"Boca Raton, Florida",SP500,2026-05-22,SBAC
SBRY.L,Sainsbury's,EU,GBP,"Personal Care, Drug and Grocery Stores",,United Kingdom,STOXX600,2026-05-22,SBRY
SBUX,Starbucks,US,USD,Consumer Discretionary,Restaurants,"Seattle, Washington",SP500,2026-05-22,SBUX
SCHA.OL,Schibsted,EU,NOK,Media,,Norway,STOXX600,2026-05-22,SCHA
SCHN.PA,Schneider Electric,EU,EUR,Industrial Goods and Services,,France,STOXX600,2026-05-22,SCHN
SCHP.SW,Schindler Group,EU,CHF,Industrial Goods and Services,,Switzerland,STOXX600,2026-05-22,SCHP
SCHW,Charles Schwab Corporation,US,USD,Financials,Investment Banking & Brokerage,"Westlake, Texas",SP500,2026-05-22,SCHW
SCMN.SW,Swisscom,EU,CHF,Telecommunications,,Switzerland,STOXX600,2026-05-22,SCMN
SCR.PA,SCOR SE,EU,EUR,Insurance,,France,STOXX600,2026-05-22,SCR
SCT.L,Softcat,EU,GBP,Technology,,United Kingdom,STOXX600,2026-05-22,SCT
SDR.L,Schroders,EU,GBP,Financial Services,,United Kingdom,STOXX600,2026-05-22,SDR
SDZ.SW,Sandoz,EU,CHF,Health Care,,Switzerland,STOXX600,2026-05-22,SDZ
SEB.ST,Skandinaviska Enskilda Banken,EU,SEK,Banks,,Sweden,STOXX600,2026-05-22,SEB
SECU-B.ST,Securitas AB,EU,SEK,Industrial Goods and Services,,Sweden,STOXX600,2026-05-22,SECU B
SGE.L,Sage Group,EU,GBP,Technology,,United Kingdom,STOXX600,2026-05-22,SGE
SGEF.PA,Vinci SA,EU,EUR,Construction and Materials,,France,STOXX600,2026-05-22,SGEF
SGO.PA,Saint-Gobain,EU,EUR,Construction and Materials,,France,STOXX600,2026-05-22,SGO
SGOB.PA,Saint-Gobain,EU,EUR,Construction and Materials,,France,STOXX600,2026-05-22,SGOB
SGRO.L,Segro,EU,GBP,Real Estate,,United Kingdom,STOXX600,2026-05-22,SGRO
SGSN.SW,SGS S.A.,EU,CHF,Industrial Goods and Services,,Switzerland,STOXX600,2026-05-22,SGSN
SHB-B.ST,Svenska Handelsbanken,EU,SEK,Banks,,Sweden,STOXX600,2026-05-22,SHB B
SHEL.L,Shell plc,EU,GBP,Energy,,United Kingdom,STOXX600,2026-05-22,SHEL
SHW,Sherwin-Williams,US,USD,Materials,Specialty Chemicals,"Cleveland, Ohio",SP500,2026-05-22,SHW
SIE.DE,Siemens,EU,EUR,Industrial Goods and Services,,Germany,STOXX600,2026-05-22,SIE
SIG.SW,SIG Group,EU,CHF,Industrial Goods and Services,,Switzerland,STOXX600,2026-05-22,SIG
SIKA.SW,Sika,EU,CHF,Construction and Materials,,Switzerland,STOXX600,2026-05-22,SIKA
SIX2.DE,Sixt,EU,EUR,Consumer Products and Services,,Germany,STOXX600,2026-05-22,SIX2
SJM,J.M. Smucker Company (The),US,USD,Consumer Staples,Packaged Foods & Meats,"Orrville, Ohio",SP500,2026-05-22,SJM
SKA-B.ST,Skanska,EU,SEK,Construction and Materials,,Sweden,STOXX600,2026-05-22,SKA B
SKF-B.ST,SKF,EU,SEK,Industrial Goods and Services,,Sweden,STOXX600,2026-05-22,SKF B
SKFb.ST,SKF,EU,SEK,Industrial Goods and Services,,Sweden,STOXX600,2026-05-22,SKFb
SKG.IR,Smurfit Kappa,EU,EUR,Industrial Goods and Services,,Ireland,STOXX600,2026-05-22,SKG
SKY.L,Sky Group,EU,GBP,Media,,United Kingdom,STOXX600,2026-05-22,SKY
SLB,Schlumberger,US,USD,Energy,Oil & Gas Equipment & Services,"Houston, Texas",SP500,2026-05-22,SLB
SLHN.SW,Swiss Life,EU,CHF,Insurance,,Switzerland,STOXX600,2026-05-22,SLHN
SMCI,Supermicro,US,USD,Information Technology,"Technology Hardware, Storage & Peripherals","San Jose, California",SP500,2026-05-22,SMCI
SMDS.L,DS Smith,EU,GBP,Industrial Goods and Services,,United Kingdom,STOXX600,2026-05-22,SMDS
SMIN.L,Smiths Group,EU,GBP,Industrial Goods and Services,,United Kingdom,STOXX600,2026-05-22,SMIN
SMT.L,Scottish Mortgage Investment Trust,EU,GBP,Financial Services,,United Kingdom,STOXX600,2026-05-22,SMT
SN.L,Smith & Nephew,EU,GBP,Health Care,,United Kingdom,STOXX600,2026-05-22,SN
SN.,Smith & Nephew,EU,EUR,Health Care,,United Kingdom,STOXX600,2026-05-22,SN.
SNA,Snap-on,US,USD,Industrials,Industrial Machinery & Supplies & Components,"Kenosha, Wisconsin",SP500,2026-05-22,SNA
SNDK,Sandisk,US,USD,Information Technology,"Technology Hardware, Storage & Peripherals","Milpitas, California",SP500,2026-05-22,SNDK
SNPS,Synopsys,US,USD,Information Technology,Application Software,"Sunnyvale, California",SP500,2026-05-22,SNPS
SNY.PA,Sanofi,EU,EUR,Health Care,,France,STOXX600,2026-05-22,SNY
SO,Southern Company,US,USD,Utilities,Electric Utilities,"Atlanta, Georgia",SP500,2026-05-22,SO
SOGN.PA,Société Générale,EU,EUR,Banks,,France,STOXX600,2026-05-22,SOGN
SOLB.BR,Solvay,EU,EUR,Chemicals,,Belgium,STOXX600,2026-05-22,SOLB
SOLV,Solventum,US,USD,Health Care,Health Care Technology,"Saint Paul, Minnesota",SP500,2026-05-22,SOLV
SON.SW,Sonova,EU,CHF,Health Care,,Switzerland,STOXX600,2026-05-22,SON
SOON.SW,Sonova,EU,CHF,Health Care,,Switzerland,STOXX600,2026-05-22,SOON
SOW.DE,Software,EU,EUR,Technology,,Germany,STOXX600,2026-05-22,SOW
SPG,Simon Property Group,US,USD,Real Estate,Retail REITs,"Indianapolis, Indiana",SP500,2026-05-22,SPG
SPGI,S&P Global,US,USD,Financials,Financial Exchanges & Data,"New York City, New York",SP500,2026-05-22,SPGI
SPSN.SW,Swiss Prime Site,EU,CHF,Real Estate,,Switzerland,STOXX600,2026-05-22,SPSN
SPX.L,Spirax-Sarco Engineering,EU,GBP,Industrial Goods and Services,,United Kingdom,STOXX600,2026-05-22,SPX
SRB.OL,Storebrand,EU,NOK,Insurance,,Norway,STOXX600,2026-05-22,SRB
SRE,Sempra,US,USD,Utilities,Multi-Utilities,"San Diego, California",SP500,2026-05-22,SRE
SRENH.SW,Swiss Re,EU,CHF,Insurance,,Switzerland,STOXX600,2026-05-22,SRENH
SRG.MI,Snam,EU,EUR,Energy,,Italy,STOXX600,2026-05-22,SRG
SRT3.DE,Sartorius,EU,EUR,Health Care,,Germany,STOXX600,2026-05-22,SRT3
SSE.L,SSE plc,EU,GBP,Utilities,,United Kingdom,STOXX600,2026-05-22,SSE
STAN.L,Standard Chartered,EU,GBP,Banks,,United Kingdom,STOXX600,2026-05-22,STAN
STE,Steris,US,USD,Health Care,Health Care Equipment,"Dublin, Ireland",SP500,2026-05-22,STE
STER.HE,Stora Enso,EU,EUR,Basic Resources,,Finland,STOXX600,2026-05-22,STER
STJ.L,St. James's Place,EU,GBP,Financial Services,,United Kingdom,STOXX600,2026-05-22,STJ
STLAM.AS,Stellantis,EU,EUR,Automobiles and Parts,,Netherlands,STOXX600,2026-05-22,STLAM
STLD,Steel Dynamics,US,USD,Materials,Steel,"Fort Wayne, Indiana",SP500,2026-05-22,STLD
STMN.SW,Straumann,EU,CHF,Health Care,,Switzerland,STOXX600,2026-05-22,STMN
STMPA.AS,STMicroelectronics,EU,EUR,Technology,,Netherlands,STOXX600,2026-05-22,STMPA
STT,State Street Corporation,US,USD,Financials,Asset Management & Custody Banks,"Boston, Massachusetts",SP500,2026-05-22,STT
STX,Seagate Technology,US,USD,Information Technology,"Technology Hardware, Storage & Peripherals","Dublin, Ireland",SP500,2026-05-22,STX
STZ,Constellation Brands,US,USD,Consumer Staples,Distillers & Vintners,"Rochester, New York",SP500,2026-05-22,STZ
SU.PA,Schneider Electric,EU,EUR,Industrial Goods and Services,,France,STOXX600,2026-05-22,SU
SVT.L,Severn Trent,EU,GBP,Utilities,,United Kingdom,STOXX600,2026-05-22,SVT
SW,Smurfit Westrock,US,USD,Materials,Paper & Plastic Packaging Products & Materials,"Dublin, Ireland",SP500,2026-05-22,SW
SWECO-B.ST,Sweco,EU,SEK,Construction and Materials,,Sweden,STOXX600,2026-05-22,SWECO B
SWED-A.ST,Swedbank,EU,SEK,Banks,,Sweden,STOXX600,2026-05-22,SWED A
SWK,Stanley Black & Decker,US,USD,Industrials,Industrial Machinery & Supplies & Components,"New Britain, Connecticut",SP500,2026-05-22,SWK
SWKS,Skyworks Solutions,US,USD,Information Technology,Semiconductors,"Irvine, California",SP500,2026-05-22,SWKS
SWMA.ST,Swedish Match,EU,SEK,"Food, Beverage and Tobacco",,Sweden,STOXX600,2026-05-22,SWMA
SXS.L,Spectris,EU,GBP,Industrial Goods and Services,,United Kingdom,STOXX600,2026-05-22,SXS
SY1.DE,Symrise,EU,EUR,Chemicals,,Germany,STOXX600,2026-05-22,SY1
SYF,Synchrony Financial,US,USD,Financials,Consumer Finance,"Stamford, Connecticut",SP500,2026-05-22,SYF
SYK,Stryker Corporation,US,USD,Health Care,Health Care Equipment,"Kalamazoo, Michigan",SP500,2026-05-22,SYK
SYY,Sysco,US,USD,Consumer Staples,Food Distributors,"Houston, Texas",SP500,2026-05-22,SYY
T,AT&T,US,USD,Communication Services,Integrated Telecommunication Services,"Dallas, Texas",SP500,2026-05-22,T
TAP,Molson Coors Beverage Company,US,USD,Consumer Staples,Brewers,"Chicago, Illinois",SP500,2026-05-22,TAP
TATE.L,Tate & Lyle,EU,GBP,"Food, Beverage and Tobacco",,United Kingdom,STOXX600,2026-05-22,TATE
TDG,TransDigm Group,US,USD,Industrials,Aerospace & Defense,"Cleveland, Ohio",SP500,2026-05-22,TDG
TDY,Teledyne Technologies,US,USD,Information Technology,Electronic Equipment & Instruments,"Thousand Oaks, California",SP500,2026-05-22,TDY
TECH,Bio-Techne,US,USD,Health Care,Life Sciences Tools & Services,"Minneapolis, Minnesota",SP500,2026-05-22,TECH
TEF.MC,Telefónica,EU,EUR,Telecommunications,,Spain,STOXX600,2026-05-22,TEF
TEL,TE Connectivity,US,USD,Information Technology,Electronic Manufacturing Services,"Galway, Ireland",SP500,2026-05-22,TEL
TEL2-B.ST,Tele2,EU,SEK,Telecommunications,,Sweden,STOXX600,2026-05-22,TEL2 B
TEL2b.ST,Tele2,EU,SEK,Telecommunications,,Sweden,STOXX600,2026-05-22,TEL2b
TELIA.ST,Telia Company,EU,SEK,Telecommunications,,Sweden,STOXX600,2026-05-22,TELIA
TEMN.SW,Temenos Group,EU,CHF,Technology,,Switzerland,STOXX600,2026-05-22,TEMN
TEN.LU,Tenaris,EU,EUR,Energy,,Luxembourg,STOXX600,2026-05-22,TEN
TEP.PA,Teleperformance,EU,EUR,Industrial Goods and Services,,France,STOXX600,2026-05-22,TEP
TER,Teradyne,US,USD,Information Technology,Semiconductor Materials & Equipment,"North Reading, Massachusetts",SP500,2026-05-22,TER
TEV.DE,Teva Pharmaceutical Industries,EU,EUR,Health Care,,Israel,STOXX600,2026-05-22,TEV
TFC,Truist Financial,US,USD,Financials,Diversified Banks,"Charlotte, North Carolina",SP500,2026-05-22,TFC
TGS.OL,TGS,EU,NOK,Energy,,Norway,STOXX600,2026-05-22,TGS
TGT,Target Corporation,US,USD,Consumer Staples,Consumer Staples Merchandise Retail,"Minneapolis, Minnesota",SP500,2026-05-22,TGT
THL.PA,Thales,EU,EUR,Industrial Goods and Services,,France,STOXX600,2026-05-22,THL
TIGO.ST,Millicom,EU,SEK,Telecommunications,,Sweden,STOXX600,2026-05-22,TIGO
TIT.MI,Telecom Italia,EU,EUR,Telecommunications,,Italy,STOXX600,2026-05-22,TIT
TJW.L,Taylor Wimpey,EU,GBP,Consumer Products and Services,,United Kingdom,STOXX600,2026-05-22,TJW
TJX,TJX Companies,US,USD,Consumer Discretionary,Apparel Retail,"Framingham, Massachusetts",SP500,2026-05-22,TJX
TKA.DE,ThyssenKrupp,EU,EUR,Industrial Goods and Services,,Germany,STOXX600,2026-05-22,TKA
TKO,TKO Group Holdings,US,USD,Communication Services,Movies & Entertainment,"New York City, New York",SP500,2026-05-22,TKO
TLX.DE,Talanx,EU,EUR,Insurance,,Germany,STOXX600,2026-05-22,TLX
TMO,Thermo Fisher Scientific,US,USD,Health Care,Life Sciences Tools & Services,"Waltham, Massachusetts",SP500,2026-05-22,TMO
TMUS,T-Mobile US,US,USD,Communication Services,Wireless Telecommunication Services,"Bellevue, Washington",SP500,2026-05-22,TMUS
TMV.DE,TeamViewer,EU,EUR,Technology,,Germany,STOXX600,2026-05-22,TMV
TOM.AS,TomTom,EU,EUR,Technology,,Netherlands,STOXX600,2026-05-22,TOM
TPG.L,Telecom Plus,EU,GBP,Telecommunications,,United Kingdom,STOXX600,2026-05-22,TPG
TPK.L,Travis Perkins,EU,GBP,Retail,,United Kingdom,STOXX600,2026-05-22,TPK
TPL,Texas Pacific Land Corporation,US,USD,Energy,Oil & Gas Exploration & Production,"Dallas, Texas",SP500,2026-05-22,TPL
TPR,"Tapestry, Inc.",US,USD,Consumer Discretionary,"Apparel, Accessories & Luxury Goods","New York City, New York",SP500,2026-05-22,TPR
TREL-B.ST,Trelleborg,EU,SEK,Industrial Goods and Services,,Sweden,STOXX600,2026-05-22,TREL B
TRGP,Targa Resources,US,USD,Energy,Oil & Gas Storage & Transportation,"Houston, Texas",SP500,2026-05-22,TRGP
TRMB,Trimble Inc.,US,USD,Information Technology,Application Software,"Westminster, Colorado",SP500,2026-05-22,TRMB
TRN.MI,Terna,EU,EUR,Utilities,,Italy,STOXX600,2026-05-22,TRN
TROW,T. Rowe Price,US,USD,Financials,Asset Management & Custody Banks,"Baltimore, Maryland",SP500,2026-05-22,TROW
TRV,Travelers Companies (The),US,USD,Financials,Property & Casualty Insurance,"New York City, New York",SP500,2026-05-22,TRV
TRYG.CO,Tryg,EU,DKK,Insurance,,Denmark,STOXX600,2026-05-22,TRYG
TSCO,Tractor Supply,US,USD,Consumer Discretionary,Other Specialty Retail,"Brentwood, Tennessee",SP500,2026-05-22,TSCO
TSLA,"Tesla, Inc.",US,USD,Consumer Discretionary,Automobile Manufacturers,"Austin, Texas",SP500,2026-05-22,TSLA
TSN,Tyson Foods,US,USD,Consumer Staples,Packaged Foods & Meats,"Springdale, Arkansas",SP500,2026-05-22,TSN
TT,Trane Technologies,US,USD,Industrials,Building Products,"Dublin, Ireland",SP500,2026-05-22,TT
TTD,Trade Desk (The),US,USD,Communication Services,Advertising,"Ventura, California",SP500,2026-05-22,TTD
TTE.PA,TotalEnergies,EU,EUR,Energy,,France,STOXX600,2026-05-22,TTE
TTWO,Take-Two Interactive,US,USD,Communication Services,Interactive Home Entertainment,"New York City, New York",SP500,2026-05-22,TTWO
TUI.DE,TUI Group,EU,EUR,Travel and Leisure,,Germany,STOXX600,2026-05-22,TUI
TXN,Texas Instruments,US,USD,Information Technology,Semiconductors,"Dallas, Texas",SP500,2026-05-22,TXN
TXT,Textron,US,USD,Industrials,Aerospace & Defense,"Providence, Rhode Island",SP500,2026-05-22,TXT
TYL,Tyler Technologies,US,USD,Information Technology,Application Software,"Plano, Texas",SP500,2026-05-22,TYL
UAL,United Airlines Holdings,US,USD,Industrials,Passenger Airlines,"Chicago, Illinois",SP500,2026-05-22,UAL
UBER,Uber,US,USD,Industrials,Passenger Ground Transportation,"San Francisco, California",SP500,2026-05-22,UBER
UBI.PA,Ubisoft,EU,EUR,Consumer Products and Services,,France,STOXX600,2026-05-22,UBI
UBSG.SW,UBS Group,EU,CHF,Banks,,Switzerland,STOXX600,2026-05-22,UBSG
UC.MI,UniCredit,EU,EUR,Banks,,Italy,STOXX600,2026-05-22,UC
UDR,"UDR, Inc.",US,USD,Real Estate,Multi-Family Residential REITs,"Highlands Ranch, Colorado",SP500,2026-05-22,UDR
UHR.SW,Swatch Group,EU,CHF,Consumer Products and Services,,Switzerland,STOXX600,2026-05-22,UHR
UHS,Universal Health Services,US,USD,Health Care,Health Care Facilities,"King of Prussia, Pennsylvania",SP500,2026-05-22,UHS
ULTA,Ulta Beauty,US,USD,Consumer Discretionary,Other Specialty Retail,"Bolingbrook, Illinois",SP500,2026-05-22,ULTA
ULVR.L,Unilever,EU,GBP,"Personal Care, Drug and Grocery Stores",,United Kingdom,STOXX600,2026-05-22,ULVR
UMG.AS,Universal Music Group,EU,EUR,Media,,Netherlands,STOXX600,2026-05-22,UMG
UMI.BR,Umicore,EU,EUR,Chemicals,,Belgium,STOXX600,2026-05-22,UMI
UN01.DE,Uniper,EU,EUR,Utilities,,Germany,STOXX600,2026-05-22,UN01
UNH,UnitedHealth Group,US,USD,Health Care,Managed Health Care,"Eden Prairie, Minnesota",SP500,2026-05-22,UNH
UNP,Union Pacific Corporation,US,USD,Industrials,Rail Transportation,"Omaha, Nebraska",SP500,2026-05-22,UNP
UPM.HE,UPM-Kymmene,EU,EUR,Basic Resources,,Finland,STOXX600,2026-05-22,UPM
UPS,United Parcel Service,US,USD,Industrials,Air Freight & Logistics,"Sandy Springs, Georgia",SP500,2026-05-22,UPS
UPW.L,United Utilities,EU,GBP,Utilities,,United Kingdom,STOXX600,2026-05-22,UPW
URI,United Rentals,US,USD,Industrials,Trading Companies & Distributors,"Stamford, Connecticut",SP500,2026-05-22,URI
URW.PA,Unibail-Rodamco-Westfield,EU,EUR,Real Estate,,France,STOXX600,2026-05-22,URW
USB,U.S. Bancorp,US,USD,Financials,Diversified Banks,"Minneapolis, Minnesota",SP500,2026-05-22,USB
UTG.L,Unite Group,EU,GBP,Real Estate,,United Kingdom,STOXX600,2026-05-22,UTG
V,Visa Inc.,US,USD,Financials,Transaction & Payment Processing Services,"San Francisco, California",SP500,2026-05-22,V
VACN.SW,VAT Group,EU,CHF,Industrial Goods and Services,,Switzerland,STOXX600,2026-05-22,VACN
VALMT.HE,Valmet,EU,EUR,Industrial Goods and Services,,Finland,STOXX600,2026-05-22,VALMT
VAR1.DE,Varta,EU,EUR,Industrial Goods and Services,,Germany,STOXX600,2026-05-22,VAR1
VCT.PA,Vicat,EU,EUR,Construction and Materials,,France,STOXX600,2026-05-22,VCT
VEEV,Veeva Systems,US,USD,Health Care,Health Care Technology,"Pleasanton, California",SP500,2026-05-22,VEEV
VER.VI,Verbund,EU,EUR,Utilities,,Austria,STOXX600,2026-05-22,VER
VESTAS.CO,Vestas,EU,DKK,Energy,,Denmark,STOXX600,2026-05-22,VESTAS
VICI,Vici Properties,US,USD,Real Estate,Hotel & Resort REITs,"New York City, New York",SP500,2026-05-22,VICI
VIE.PA,Veolia,EU,EUR,Utilities,,France,STOXX600,2026-05-22,VIE
VIG.VI,Vienna Insurance Group,EU,EUR,Insurance,,Austria,STOXX600,2026-05-22,VIG
VITR.ST,Vitrolife,EU,SEK,Health Care,,Sweden,STOXX600,2026-05-22,VITR
VIV.PA,Vivendi,EU,EUR,Media,,France,STOXX600,2026-05-22,VIV
VK.PA,Vallourec,EU,EUR,Basic Resources,,France,STOXX600,2026-05-22,VK
VLO,Valero Energy,US,USD,Energy,Oil & Gas Refining & Marketing,"San Antonio, Texas",SP500,2026-05-22,VLO
VLTO,Veralto,US,USD,Industrials,Environmental & Facilities Services,"Waltham, Massachusetts",SP500,2026-05-22,VLTO
VMC,Vulcan Materials Company,US,USD,Materials,Construction Materials,"Birmingham, Alabama",SP500,2026-05-22,VMC
VNA.DE,Vonovia,EU,EUR,Real Estate,,Germany,STOXX600,2026-05-22,VNA
VOD.L,Vodafone Group,EU,GBP,Telecommunications,,United Kingdom,STOXX600,2026-05-22,VOD
VOE.VI,Voestalpine,EU,EUR,Basic Resources,,Austria,STOXX600,2026-05-22,VOE
VOLV-B.ST,Volvo Group,EU,SEK,Industrial Goods and Services,,Sweden,STOXX600,2026-05-22,VOLV B
VPK.AS,Vopak,EU,EUR,Industrial Goods and Services,,Netherlands,STOXX600,2026-05-22,VPK
VPLAY-B.ST,Viaplay,EU,SEK,Media,,Sweden,STOXX600,2026-05-22,VPLAY B
VRSK,Verisk Analytics,US,USD,Industrials,Research & Consulting Services,"Jersey City, New Jersey",SP500,2026-05-22,VRSK
VRSN,Verisign,US,USD,Information Technology,Internet Services & Infrastructure,"Reston, Virginia",SP500,2026-05-22,VRSN
VRT,Vertiv,US,USD,Industrials,Electrical Components & Equipment,"Westerville, Ohio",SP500,2026-05-22,VRT
VRTX,Vertex Pharmaceuticals,US,USD,Health Care,Biotechnology,"Boston, Massachusetts",SP500,2026-05-22,VRTX
VST,Vistra Corp.,US,USD,Utilities,Electric Utilities,"Irving, Texas",SP500,2026-05-22,VST
VTR,Ventas,US,USD,Real Estate,Health Care REITs,"Chicago, Illinois",SP500,2026-05-22,VTR
VTRS,Viatris,US,USD,Health Care,Pharmaceuticals,"Pittsburgh, Pennsylvania",SP500,2026-05-22,VTRS
VZ,Verizon,US,USD,Communication Services,Integrated Telecommunication Services,"New York City, New York",SP500,2026-05-22,VZ
WAB,Wabtec,US,USD,Industrials,Construction Machinery & Heavy Transportation Equipment,"Pittsburgh, Pennsylvania",SP500,2026-05-22,WAB
WAT,Waters Corporation,US,USD,Health Care,Life Sciences Tools & Services,"Milford, Massachusetts",SP500,2026-05-22,WAT
WBD,Warner Bros. Discovery,US,USD,Communication Services,Broadcasting,"New York City, New York",SP500,2026-05-22,WBD
WDAY,"Workday, Inc.",US,USD,Information Technology,Application Software,"Pleasanton, California",SP500,2026-05-22,WDAY
WDC,Western Digital,US,USD,Information Technology,"Technology Hardware, Storage & Peripherals","San Jose, California",SP500,2026-05-22,WDC
WDP.BR,Warehouses De Pauw,EU,EUR,Real Estate,,Belgium,STOXX600,2026-05-22,WDP
WEC,WEC Energy Group,US,USD,Utilities,Electric Utilities,"Milwaukee, Wisconsin",SP500,2026-05-22,WEC
WEIR.L,Weir Group,EU,GBP,Industrial Goods and Services,,United Kingdom,STOXX600,2026-05-22,WEIR
WELL,Welltower,US,USD,Real Estate,Health Care REITs,"Toledo, Ohio",SP500,2026-05-22,WELL
WEND.PA,Wendel,EU,EUR,Financial Services,,France,STOXX600,2026-05-22,WEND
WFC,Wells Fargo,US,USD,Financials,Diversified Banks,"San Francisco, California",SP500,2026-05-22,WFC
WIE.VI,Wienerberger,EU,EUR,Construction and Materials,,Austria,STOXX600,2026-05-22,WIE
WIHL.ST,Wihlborgs Fastigheter,EU,SEK,Real Estate,,Sweden,STOXX600,2026-05-22,WIHL
WISE.L,Wise,EU,GBP,Financial Services,,United Kingdom,STOXX600,2026-05-22,WISE
WKL.AS,Wolters Kluwer,EU,EUR,Media,,Netherlands,STOXX600,2026-05-22,WKL
WLN.PA,Worldline,EU,EUR,Industrial Goods and Services,,France,STOXX600,2026-05-22,WLN
WM,Waste Management,US,USD,Industrials,Environmental & Facilities Services,"Houston, Texas",SP500,2026-05-22,WM
WMB,Williams Companies,US,USD,Energy,Oil & Gas Storage & Transportation,"Tulsa, Oklahoma",SP500,2026-05-22,WMB
WMT,Walmart,US,USD,Consumer Staples,Consumer Staples Merchandise Retail,"Bentonville, Arkansas",SP500,2026-05-22,WMT
WPP.L,WPP,EU,GBP,Media,,United Kingdom,STOXX600,2026-05-22,WPP
WRB,W. R. Berkley Corporation,US,USD,Financials,Property & Casualty Insurance,"Greenwich, Connecticut",SP500,2026-05-22,WRB
WSM,"Williams-Sonoma, Inc.",US,USD,Consumer Discretionary,Homefurnishing Retail,"San Francisco, California",SP500,2026-05-22,WSM
WST,West Pharmaceutical Services,US,USD,Health Care,Health Care Supplies,"Exton, Pennsylvania",SP500,2026-05-22,WST
WTB.L,Whitbread,EU,GBP,Travel and Leisure,,United Kingdom,STOXX600,2026-05-22,WTB
WTW,Willis Towers Watson,US,USD,Financials,Insurance Brokers,"London, United Kingdom",SP500,2026-05-22,WTW
WY,Weyerhaeuser,US,USD,Real Estate,Timber REITs,"Seattle, Washington",SP500,2026-05-22,WY
WYNN,Wynn Resorts,US,USD,Consumer Discretionary,Casinos & Gaming,"Paradise, Nevada",SP500,2026-05-22,WYNN
XEL,Xcel Energy,US,USD,Utilities,Multi-Utilities,"Minneapolis, Minnesota",SP500,2026-05-22,XEL
XOM,ExxonMobil,US,USD,Energy,Integrated Oil & Gas,"Irving, Texas",SP500,2026-05-22,XOM
XYL,Xylem Inc.,US,USD,Industrials,Industrial Machinery & Supplies & Components,"White Plains, New York",SP500,2026-05-22,XYL
XYZ,"Block, Inc.",US,USD,Financials,Transaction & Payment Processing Services,none,SP500,2026-05-22,XYZ
YAR.OL,Yara International,EU,NOK,Chemicals,,Norway,STOXX600,2026-05-22,YAR
YUM,Yum! Brands,US,USD,Consumer Discretionary,Restaurants,"Louisville, Kentucky",SP500,2026-05-22,YUM
ZAL.DE,Zalando,EU,EUR,Retail,,Germany,STOXX600,2026-05-22,ZAL
ZBH,Zimmer Biomet,US,USD,Health Care,Health Care Equipment,"Warsaw, Indiana",SP500,2026-05-22,ZBH
ZBRA,Zebra Technologies,US,USD,Information Technology,Electronic Equipment & Instruments,"Lincolnshire, Illinois",SP500,2026-05-22,ZBRA
ZTS,Zoetis,US,USD,Health Care,Pharmaceuticals,"Parsippany, New Jersey",SP500,2026-05-22,ZTS
ZURN.SW,Zurich Insurance Group,EU,CHF,Insurance,,Switzerland,STOXX600,2026-05-22,ZURN
ACE.MI,Acea S.p.A.,EU,EUR,Utilities,,Italy,FTSE_ITALIA_MID_CAP,2026-05-22,ACE.MI
ANIM.MI,Anima Holding,EU,EUR,Financial Services,Asset Management,Italy,FTSE_ITALIA_MID_CAP,2026-05-22,ANIM.MI
ASC.MI,Ascopiave,EU,EUR,Utilities,,Italy,FTSE_ITALIA_MID_CAP,2026-05-22,ASC.MI
AVIO.MI,Avio S.p.A.,EU,EUR,Industrial Goods and Services,Aerospace & Defense,Italy,FTSE_ITALIA_MID_CAP,2026-05-22,AVIO.MI
BFF.MI,BFF Bank,EU,EUR,Banks,,Italy,FTSE_ITALIA_MID_CAP,2026-05-22,BFF.MI
IF.MI,Banca IFIS,EU,EUR,Banks,,Italy,FTSE_ITALIA_MID_CAP,2026-05-22,IF.MI
BMPS.MI,Banca Monte dei Paschi di Siena,EU,EUR,Banks,,Italy,FTSE_ITALIA_MID_CAP,2026-05-22,BMPS.MI
BPSO.MI,Banca Popolare di Sondrio,EU,EUR,Banks,,Italy,FTSE_ITALIA_MID_CAP,2026-05-22,BPSO.MI
BIES.MI,Biesse,EU,EUR,Industrial Goods and Services,,Italy,FTSE_ITALIA_MID_CAP,2026-05-22,BIES.MI
BRE.MI,Brembo,EU,EUR,Automobiles and Parts,Auto Parts,Italy,FTSE_ITALIA_MID_CAP,2026-05-22,BRE.MI
BZU.MI,Buzzi Unicem,EU,EUR,Construction and Materials,,Italy,FTSE_ITALIA_MID_CAP,2026-05-22,BZU.MI
CRL.MI,Carel Industries,EU,EUR,Industrial Goods and Services,,Italy,FTSE_ITALIA_MID_CAP,2026-05-22,CRL.MI
CEM.MI,Cementir Holding,EU,EUR,Construction and Materials,,Italy,FTSE_ITALIA_MID_CAP,2026-05-22,CEM.MI
CE.MI,Credito Emiliano,EU,EUR,Banks,,Italy,FTSE_ITALIA_MID_CAP,2026-05-22,CE.MI
DAL.MI,Danieli & C.,EU,EUR,Industrial Goods and Services,,Italy,FTSE_ITALIA_MID_CAP,2026-05-22,DAL.MI
DLG.MI,De Longhi,EU,EUR,Personal Care Drug and Grocery Stores,Household Appliances,Italy,FTSE_ITALIA_MID_CAP,2026-05-22,DLG.MI
DEA.MI,DeA Capital,EU,EUR,Financial Services,,Italy,FTSE_ITALIA_MID_CAP,2026-05-22,DEA.MI
ELN.MI,El.En.,EU,EUR,Industrial Goods and Services,,Italy,FTSE_ITALIA_MID_CAP,2026-05-22,ELN.MI
ENAV.MI,ENAV,EU,EUR,Industrial Goods and Services,Air Services,Italy,FTSE_ITALIA_MID_CAP,2026-05-22,ENAV.MI
ERG.MI,ERG,EU,EUR,Utilities,Renewables,Italy,FTSE_ITALIA_MID_CAP,2026-05-22,ERG.MI
EGLA.MI,Eurogroup Laminations,EU,EUR,Industrial Goods and Services,,Italy,FTSE_ITALIA_MID_CAP,2026-05-22,EGLA.MI
FCT.MI,Fincantieri,EU,EUR,Industrial Goods and Services,Shipbuilding,Italy,FTSE_ITALIA_MID_CAP,2026-05-22,FCT.MI
GHC.MI,Garofalo Health Care,EU,EUR,Health Care,,Italy,FTSE_ITALIA_MID_CAP,2026-05-22,GHC.MI
GVS.MI,GVS,EU,EUR,Industrial Goods and Services,,Italy,FTSE_ITALIA_MID_CAP,2026-05-22,GVS.MI
IGD.MI,IGD SIIQ,EU,EUR,Real Estate,REITs,Italy,FTSE_ITALIA_MID_CAP,2026-05-22,IGD.MI
ILTY.MI,Illimity Bank,EU,EUR,Banks,,Italy,FTSE_ITALIA_MID_CAP,2026-05-22,ILTY.MI
IMA.MI,IMA S.p.A.,EU,EUR,Industrial Goods and Services,,Italy,FTSE_ITALIA_MID_CAP,2026-05-22,IMA.MI
DNR.MI,Industrie De Nora,EU,EUR,Chemicals,,Italy,FTSE_ITALIA_MID_CAP,2026-05-22,DNR.MI
IRE.MI,Iren,EU,EUR,Utilities,,Italy,FTSE_ITALIA_MID_CAP,2026-05-22,IRE.MI
ITM.MI,Italmobiliare,EU,EUR,Construction and Materials,,Italy,FTSE_ITALIA_MID_CAP,2026-05-22,ITM.MI
JUVE.MI,Juventus Football Club,EU,EUR,Travel and Leisure,,Italy,FTSE_ITALIA_MID_CAP,2026-05-22,JUVE.MI
LUVE.MI,LU-VE,EU,EUR,Industrial Goods and Services,,Italy,FTSE_ITALIA_MID_CAP,2026-05-22,LUVE.MI
MAIRE.MI,Maire Tecnimont,EU,EUR,Energy,Oil & Gas Engineering,Italy,FTSE_ITALIA_MID_CAP,2026-05-22,MAIRE.MI
MARR.MI,MARR,EU,EUR,Food Beverage and Tobacco,Food Distribution,Italy,FTSE_ITALIA_MID_CAP,2026-05-22,MARR.MI
MS.MI,Mediaset (MFE A),EU,EUR,Media,,Italy,FTSE_ITALIA_MID_CAP,2026-05-22,MS.MI
MOL.MI,Moltiply Group,EU,EUR,Financial Services,,Italy,FTSE_ITALIA_MID_CAP,2026-05-22,MOL.MI
PIA.MI,Piaggio & C.,EU,EUR,Automobiles and Parts,,Italy,FTSE_ITALIA_MID_CAP,2026-05-22,PIA.MI
RWAY.MI,Rai Way,EU,EUR,Media,Broadcast Infrastructure,Italy,FTSE_ITALIA_MID_CAP,2026-05-22,RWAY.MI
REY.MI,Reply,EU,EUR,Technology,IT Services,Italy,FTSE_ITALIA_MID_CAP,2026-05-22,REY.MI
SFER.MI,Salvatore Ferragamo,EU,EUR,Consumer Products and Services,Luxury,Italy,FTSE_ITALIA_MID_CAP,2026-05-22,SFER.MI
SL.MI,Sanlorenzo,EU,EUR,Industrial Goods and Services,Shipbuilding,Italy,FTSE_ITALIA_MID_CAP,2026-05-22,SL.MI
SES.MI,Sesa,EU,EUR,Technology,IT Services,Italy,FTSE_ITALIA_MID_CAP,2026-05-22,SES.MI
SOL.MI,SOL Group,EU,EUR,Chemicals,,Italy,FTSE_ITALIA_MID_CAP,2026-05-22,SOL.MI
TIP.MI,Tamburi Investment Partners,EU,EUR,Financial Services,,Italy,FTSE_ITALIA_MID_CAP,2026-05-22,TIP.MI
TGYM.MI,Technogym,EU,EUR,Consumer Products and Services,,Italy,FTSE_ITALIA_MID_CAP,2026-05-22,TGYM.MI
TNXT.MI,Tinexta,EU,EUR,Financial Services,,Italy,FTSE_ITALIA_MID_CAP,2026-05-22,TNXT.MI
TOD.MI,Tod's,EU,EUR,Consumer Products and Services,Luxury,Italy,FTSE_ITALIA_MID_CAP,2026-05-22,TOD.MI
WBD.MI,Webuild,EU,EUR,Construction and Materials,Infrastructure,Italy,FTSE_ITALIA_MID_CAP,2026-05-22,WBD.MI
ZV.MI,Zignago Vetro,EU,EUR,Industrial Goods and Services,,Italy,FTSE_ITALIA_MID_CAP,2026-05-22,ZV.MI
ENAV.MI,ENAV,EU,EUR,Industrial Goods and Services,Air Services,Italy,FTSE_ITALIA_MID_CAP,2026-05-22,ENAV.MI
A2A.MI,A2A,EU,EUR,Utilities,Multi-Utility,Italy,FTSE_MIB,2026-05-22,A2A.MI
AMP.MI,Amplifon,EU,EUR,Health Care,,Italy,FTSE_MIB,2026-05-22,AMP.MI
ATL.MI,Atlantia/Mundys,EU,EUR,Industrial Transportation,Toll Highways,Italy,FTSE_MIB,2026-05-22,ATL.MI
AZM.MI,Azimut Holding,EU,EUR,Financial Services,Asset Management,Italy,FTSE_MIB,2026-05-22,AZM.MI
BAMI.MI,Banco BPM,EU,EUR,Banks,,Italy,FTSE_MIB,2026-05-22,BAMI.MI
BPE.MI,BPER Banca,EU,EUR,Banks,,Italy,FTSE_MIB,2026-05-22,BPE.MI
CNHI.MI,CNH Industrial,EU,EUR,Industrial Goods and Services,Construction & Farm Machinery,Italy,FTSE_MIB,2026-05-22,CNHI.MI
DIA.MI,Diasorin,EU,EUR,Health Care,Diagnostics,Italy,FTSE_MIB,2026-05-22,DIA.MI
G.MI,Generali,EU,EUR,Insurance,,Italy,FTSE_MIB,2026-05-22,G.MI
HER.MI,Hera,EU,EUR,Utilities,Multi-Utility,Italy,FTSE_MIB,2026-05-22,HER.MI
IG.MI,Italgas,EU,EUR,Utilities,Gas Distribution,Italy,FTSE_MIB,2026-05-22,IG.MI
SPM.MI,Saipem,EU,EUR,Energy,Oil & Gas Services,Italy,FTSE_MIB,2026-05-22,SPM.MI
STLAM.MI,Stellantis,EU,EUR,Automobiles and Parts,,Italy,FTSE_MIB,2026-05-22,STLAM.MI
STM.MI,STMicroelectronics,EU,EUR,Technology,Semiconductors,Italy,FTSE_MIB,2026-05-22,STM.MI
TEN.MI,Tenaris,EU,EUR,Energy,Oil & Gas Equipment,Italy,FTSE_MIB,2026-05-22,TEN.MI
UCG.MI,Unicredit,EU,EUR,Banks,,Italy,FTSE_MIB,2026-05-22,UCG.MI
UNI.MI,Unipol,EU,EUR,Insurance,,Italy,FTSE_MIB,2026-05-22,UNI.MI
